rental_id,user_type,start_time,end_time,start_station,end_station,duration_minutes,bike_id
R00001,Member,2023-01-01 06:31,2023-01-01 06:39,Times Square,Times Square,8.0,B088
R00002,Member,2023-01-01 07:21,2023-01-01 07:22,Brooklyn Bridge,Times Square,1.0,B014
R00003,Casual,2023-01-01 14:36,2023-01-01 15:37,Brooklyn Bridge,Wall Street,1.0,B073
R00004,Member,2023-01-01 22:25,2023-01-01 22:28,Wall Street,Times Square,3.0,B018
R00005,Casual,2023-01-02 02:06,2023-01-02 02:29,Times Square,Union Square,23.0,B039
R00006,Casual,2023-01-02 12:51,2023-01-02 13:56,Wall Street,Times Square,5.0,B090
R00007,,2023-01-02 16:40,2023-01-02 16:50,Times Square,Times Square,10.0,B065
R00008,Casual,2023-01-02 23:09,2023-01-02 23:32,Union Square,Times Square,23.0,B055
R00009,Casual,2023-01-02 23:22,2023-01-03 01:26,Times Square,Union Square,124.0,B029
R00010,Member,2023-01-03 05:28,2023-01-03 05:41,Brooklyn Bridge,Times Square,13.0,B033
R00011,,2023-01-03 12:42,2023-01-03 12:43,Brooklyn Bridge,Central Park,1.0,B051
R00012,Casual,2023-01-03 20:25,2023-01-03 22:25,Union Square,Wall Street,60.0,B093
R00013,,2023-01-04 00:48,2023-01-04 01:16,Union Square,Wall Street,28.0,B095
R00014,Member,2023-01-04 05:10,2023-01-04 05:18,Times Square,Wall Street,8.0,B077
R00015,Member,2023-01-04 05:45,2023-01-04 05:46,Central Park,Wall Street,1.0,B011
R00016,Casual,2023-01-04 07:08,2023-01-04 08:15,Union Square,Wall Street,7.0,B081
R00017,Casual,2023-01-04 09:44,2023-01-04 10:09,Central Park,Times Square,25.0,B063
R00018,Casual,2023-01-05 02:57,2023-01-05 05:53,Central Park,Times Square,56.0,B076
R00019,Casual,2023-01-05 04:37,2023-01-05 06:03,Brooklyn Bridge,Central Park,86.0,B086
R00020,Member,2023-01-05 18:33,2023-01-05 18:45,Union Square,Times Square,12.0,B050
R00021,Member,2023-01-05 19:51,2023-01-05 19:56,Central Park,Union Square,5.0,B038
R00022,Casual,2023-01-05 23:20,2023-01-05 23:37,Central Park,Brooklyn Bridge,17.0,B019
R00023,Member,2023-01-05 23:45,2023-01-06 00:06,Central Park,Times Square,21.0,B029
R00024,Member,2023-01-06 04:27,2023-01-06 04:37,Brooklyn Bridge,Union Square,10.0,B090
R00025,Member,2023-01-06 06:51,2023-01-06 07:03,Times Square,Union Square,12.0,B043
R00026,Member,2023-01-06 07:18,2023-01-06 07:24,Central Park,Central Park,6.0,B093
R00027,Casual,2023-01-06 09:17,2023-01-06 12:22,Union Square,Central Park,5.0,B074
R00028,Casual,2023-01-06 11:42,2023-01-06 11:49,Union Square,Wall Street,7.0,B060
R00029,Member,2023-01-06 16:04,2023-01-06 18:47,Times Square,Brooklyn Bridge,163.0,B023
R00030,Member,2023-01-06 19:25,2023-01-06 19:43,Times Square,Times Square,18.0,B070
R00031,Member,2023-01-06 23:18,2023-01-06 23:58,Wall Street,Central Park,40.0,B059
R00032,Casual,2023-01-07 10:32,2023-01-07 10:39,Times Square,Times Square,7.0,B058
R00033,Casual,2023-01-07 11:09,2023-01-07 12:41,Central Park,Union Square,32.0,B061
R00034,Member,2023-01-07 13:12,2023-01-07 13:17,Central Park,Union Square,5.0,B027
R00035,Casual,2023-01-07 19:56,2023-01-07 20:05,Times Square,Brooklyn Bridge,9.0,B100
R00036,Casual,2023-01-08 01:34,2023-01-08 01:39,Times Square,Wall Street,5.0,B037
R00037,Casual,2023-01-08 03:25,2023-01-08 03:34,Wall Street,Union Square,9.0,B028
R00038,Member,2023-01-08 05:04,2023-01-08 06:10,Union Square,Central Park,66.0,B055
R00039,Casual,2023-01-08 05:07,2023-01-08 05:28,Wall Street,Brooklyn Bridge,21.0,B058
R00040,Member,2023-01-08 13:15,2023-01-08 13:16,Times Square,Wall Street,1.0,B098
R00041,,2023-01-08 14:30,2023-01-08 14:59,Wall Street,Wall Street,29.0,B053
R00042,Member,2023-01-08 14:58,2023-01-08 15:15,Brooklyn Bridge,Central Park,17.0,B028
R00043,Casual,2023-01-08 22:57,2023-01-08 23:00,Wall Street,Times Square,3.0,B085
R00044,Casual,2023-01-09 01:33,2023-01-09 04:45,Brooklyn Bridge,Union Square,12.0,B076
R00045,Casual,2023-01-09 14:11,2023-01-09 15:12,Times Square,Wall Street,61.0,B088
R00046,Member,2023-01-09 14:11,2023-01-09 14:36,Central Park,Central Park,25.0,B008
R00047,Member,2023-01-09 14:51,2023-01-09 15:01,Brooklyn Bridge,Union Square,10.0,B051
R00048,Member,2023-01-09 20:10,2023-01-09 20:14,Brooklyn Bridge,Union Square,4.0,B013
R00049,Member,2023-01-09 21:12,2023-01-09 21:20,Union Square,Times Square,8.0,B076
R00050,Member,2023-01-09 21:55,2023-01-09 23:27,Union Square,Times Square,92.0,B001
R00051,Casual,2023-01-09 23:36,2023-01-09 23:42,Central Park,Brooklyn Bridge,6.0,B051
R00052,Member,2023-01-10 11:37,2023-01-10 11:51,Union Square,Central Park,14.0,B010
R00053,Casual,2023-01-10 19:17,2023-01-10 19:23,Wall Street,Brooklyn Bridge,6.0,B073
R00054,Member,2023-01-10 21:56,2023-01-10 22:04,Wall Street,Central Park,8.0,B021
R00055,Casual,2023-01-10 23:29,2023-01-11 00:09,Brooklyn Bridge,Brooklyn Bridge,40.0,B033
R00056,Casual,2023-01-11 06:33,2023-01-11 06:43,Brooklyn Bridge,Wall Street,10.0,B052
R00057,Member,2023-01-11 06:52,2023-01-11 07:08,Union Square,Wall Street,16.0,B034
R00058,Casual,2023-01-11 09:26,2023-01-11 10:19,Union Square,Times Square,53.0,B019
R00059,Member,2023-01-11 09:39,2023-01-11 09:56,Union Square,Times Square,17.0,B012
R00060,Member,2023-01-11 13:38,2023-01-11 13:39,Times Square,Wall Street,1.0,B024
R00061,Member,2023-01-11 16:47,2023-01-11 17:05,Times Square,Wall Street,18.0,B015
R00062,Member,2023-01-11 20:20,2023-01-11 21:19,Central Park,Union Square,59.0,B076
R00063,Casual,2023-01-11 22:56,2023-01-11 22:57,Central Park,Times Square,1.0,B099
R00064,Member,2023-01-12 00:42,2023-01-12 01:14,Times Square,Times Square,32.0,B043
R00065,Casual,2023-01-12 01:06,2023-01-12 01:25,Brooklyn Bridge,Times Square,19.0,B027
R00066,Member,2023-01-12 02:04,2023-01-12 02:32,Union Square,Union Square,28.0,B043
R00067,Casual,2023-01-12 02:44,2023-01-12 02:56,Brooklyn Bridge,Central Park,12.0,B099
R00068,Casual,2023-01-12 02:48,2023-01-12 03:10,Times Square,Wall Street,22.0,B017
R00069,Member,2023-01-12 04:33,2023-01-12 04:47,Wall Street,Wall Street,14.0,B015
R00070,Casual,2023-01-12 06:01,2023-01-12 06:07,Times Square,Central Park,6.0,B017
R00071,Member,2023-01-12 22:11,2023-01-12 22:14,Brooklyn Bridge,Times Square,3.0,B019
R00072,Member,2023-01-13 16:59,2023-01-13 17:00,Brooklyn Bridge,Wall Street,1.0,B027
R00073,Member,2023-01-13 19:57,2023-01-13 20:22,Central Park,Wall Street,25.0,B060
R00074,Member,2023-01-13 23:01,2023-01-13 23:03,Central Park,Wall Street,2.0,B006
R00075,Casual,2023-01-14 06:36,2023-01-14 06:45,Brooklyn Bridge,Union Square,9.0,B062
R00076,Member,2023-01-14 08:14,2023-01-14 08:24,Union Square,Times Square,10.0,B002
R00077,Member,2023-01-14 13:12,2023-01-14 13:17,Wall Street,Times Square,5.0,B063
R00078,Member,2023-01-14 13:34,2023-01-14 13:55,Central Park,Times Square,21.0,B080
R00079,Casual,2023-01-14 16:18,2023-01-14 17:20,Times Square,Central Park,62.0,B089
R00080,Casual,2023-01-14 21:44,2023-01-14 21:49,Central Park,Central Park,5.0,B051
R00081,Member,2023-01-15 04:54,2023-01-15 05:21,Wall Street,Union Square,27.0,B089
R00082,Casual,2023-01-15 07:04,2023-01-15 07:17,Wall Street,Wall Street,13.0,B045
R00083,Casual,2023-01-15 09:23,2023-01-15 09:33,Brooklyn Bridge,Union Square,10.0,B072
R00084,Casual,2023-01-15 09:28,2023-01-15 09:53,Wall Street,Wall Street,25.0,B037
R00085,Casual,2023-01-15 14:28,2023-01-15 14:41,Times Square,Wall Street,13.0,B029
R00086,Member,2023-01-15 16:39,2023-01-15 16:57,Central Park,Central Park,18.0,B059
R00087,Casual,2023-01-15 20:45,2023-01-15 20:46,Union Square,Union Square,1.0,B046
R00088,Casual,2023-01-16 00:44,2023-01-16 02:06,Brooklyn Bridge,Brooklyn Bridge,82.0,B034
R00089,Casual,2023-01-16 16:50,2023-01-16 16:55,Central Park,Union Square,5.0,B011
R00090,Casual,2023-01-16 22:01,2023-01-16 22:29,Central Park,Brooklyn Bridge,28.0,B096
R00091,Casual,2023-01-16 22:30,2023-01-16 22:58,Times Square,Union Square,28.0,B009
R00092,Casual,2023-01-16 23:43,2023-01-17 01:05,Union Square,Central Park,82.0,B084
R00093,Member,2023-01-17 00:24,2023-01-17 00:48,Union Square,Central Park,24.0,B039
R00094,,2023-01-17 04:38,2023-01-17 04:42,Brooklyn Bridge,Wall Street,4.0,B036
R00095,Member,2023-01-17 06:21,2023-01-17 06:28,Wall Street,Central Park,7.0,B017
R00096,Member,2023-01-17 07:57,2023-01-17 08:52,Wall Street,Wall Street,55.0,B066
R00097,Casual,2023-01-17 08:10,2023-01-17 08:22,Times Square,Central Park,12.0,B069
R00098,Member,2023-01-17 10:24,2023-01-17 10:46,Times Square,Brooklyn Bridge,22.0,B032
R00099,Casual,2023-01-17 11:32,2023-01-17 11:43,Times Square,Times Square,11.0,B049
R00100,Casual,2023-01-17 14:01,2023-01-17 14:12,Wall Street,Times Square,11.0,B017
R00101,Casual,2023-01-17 16:55,2023-01-17 17:01,Brooklyn Bridge,Union Square,6.0,B080
R00102,Member,2023-01-17 18:26,2023-01-17 19:13,Brooklyn Bridge,Union Square,47.0,B084
R00103,Member,2023-01-17 22:06,2023-01-17 22:19,Times Square,Brooklyn Bridge,13.0,B080
R00104,Casual,2023-01-17 23:57,2023-01-18 00:02,Times Square,Brooklyn Bridge,5.0,B023
R00105,Casual,2023-01-18 05:34,2023-01-18 05:44,Central Park,Brooklyn Bridge,10.0,B028
R00106,Casual,2023-01-19 10:39,2023-01-19 10:40,Times Square,Brooklyn Bridge,1.0,B067
R00107,Member,2023-01-19 16:35,2023-01-19 16:36,Central Park,Times Square,1.0,B076
R00108,Member,2023-01-19 17:07,2023-01-19 18:51,Times Square,Central Park,104.0,B036
R00109,Member,2023-01-20 07:57,2023-01-20 08:15,Union Square,Central Park,18.0,B093
R00110,Member,2023-01-20 16:11,2023-01-20 16:13,Union Square,Brooklyn Bridge,2.0,B011
R00111,Member,2023-01-20 17:09,2023-01-20 17:43,Central Park,Brooklyn Bridge,34.0,B054
R00112,Casual,2023-01-20 17:46,2023-01-20 18:05,Central Park,Brooklyn Bridge,19.0,B054
R00113,Member,2023-01-20 17:52,2023-01-20 18:50,Wall Street,Brooklyn Bridge,58.0,B001
R00114,Member,2023-01-20 20:49,2023-01-20 21:56,Times Square,Union Square,67.0,B089
R00115,Casual,2023-01-21 03:43,2023-01-21 04:02,Brooklyn Bridge,Union Square,19.0,B085
R00116,Casual,2023-01-21 15:11,2023-01-21 15:43,Times Square,Central Park,32.0,B094
R00117,Member,2023-01-21 15:55,2023-01-21 16:48,Wall Street,Wall Street,53.0,B054
R00118,Casual,2023-01-21 20:15,2023-01-21 20:18,Brooklyn Bridge,Union Square,3.0,B080
R00119,Casual,2023-01-22 02:55,2023-01-22 03:01,Central Park,Wall Street,6.0,B098
R00120,Casual,2023-01-22 03:12,2023-01-22 04:01,Union Square,Wall Street,49.0,B031
R00121,Member,2023-01-22 10:01,2023-01-22 10:20,Wall Street,Union Square,19.0,B090
R00122,Member,2023-01-22 18:56,2023-01-22 19:27,Times Square,Union Square,31.0,B016
R00123,Member,2023-01-22 19:49,2023-01-22 19:50,Central Park,Union Square,1.0,B032
R00124,Member,2023-01-22 20:58,2023-01-22 21:09,Times Square,Brooklyn Bridge,11.0,B030
R00125,,2023-01-23 08:11,2023-01-23 08:21,Union Square,Union Square,10.0,B001
R00126,Member,2023-01-23 10:16,2023-01-23 10:24,Brooklyn Bridge,Wall Street,8.0,B030
R00127,Casual,2023-01-23 18:44,2023-01-23 19:18,Central Park,Brooklyn Bridge,34.0,B015
R00128,Casual,2023-01-24 00:17,2023-01-24 00:53,Central Park,Times Square,36.0,B028
R00129,Member,2023-01-24 02:21,2023-01-24 02:47,Union Square,Brooklyn Bridge,26.0,B035
R00130,Member,2023-01-24 11:10,2023-01-24 12:10,Central Park,Central Park,60.0,B021
R00131,Casual,2023-01-24 13:18,2023-01-24 13:36,Union Square,Brooklyn Bridge,18.0,B036
R00132,,2023-01-24 19:36,2023-01-24 19:44,Wall Street,Wall Street,8.0,B060
R00133,Casual,2023-01-24 23:41,2023-01-25 00:15,Union Square,Central Park,34.0,B049
R00134,Member,2023-01-25 03:09,2023-01-25 03:40,Brooklyn Bridge,Union Square,31.0,B100
R00135,Member,2023-01-25 21:30,2023-01-25 22:13,Union Square,Union Square,43.0,B100
R00136,Member,2023-01-26 00:36,2023-01-26 01:34,Union Square,Central Park,58.0,B071
R00137,Casual,2023-01-26 18:33,2023-01-26 18:34,Times Square,Brooklyn Bridge,1.0,B078
R00138,Casual,2023-01-26 20:10,2023-01-26 20:16,Wall Street,Central Park,6.0,B059
R00139,Casual,2023-01-27 01:20,2023-01-27 01:33,Wall Street,Central Park,13.0,B069
R00140,Member,2023-01-27 16:53,2023-01-27 17:11,Union Square,Wall Street,18.0,B054
R00141,Member,2023-01-27 23:41,2023-01-27 23:56,Brooklyn Bridge,Brooklyn Bridge,15.0,B063
R00142,Member,2023-01-28 07:00,2023-01-28 07:12,Brooklyn Bridge,Brooklyn Bridge,12.0,B096
R00143,Casual,2023-01-28 10:46,2023-01-28 10:54,Central Park,Brooklyn Bridge,8.0,B083
R00144,Casual,2023-01-28 10:54,2023-01-28 11:15,Times Square,Central Park,21.0,B079
R00145,Member,2023-01-28 13:30,2023-01-28 14:30,Times Square,Union Square,60.0,B016
R00146,Member,2023-01-28 15:34,2023-01-28 15:44,Wall Street,Brooklyn Bridge,10.0,B026
R00147,Casual,2023-01-28 23:34,2023-01-28 23:36,Union Square,Brooklyn Bridge,2.0,B058
R00148,Member,2023-01-29 02:25,2023-01-29 02:34,Central Park,Union Square,9.0,B002
R00149,Casual,2023-01-29 05:24,2023-01-29 05:33,Union Square,Brooklyn Bridge,9.0,B069
R00150,Casual,2023-01-29 07:25,2023-01-29 07:26,Wall Street,Wall Street,1.0,B055
R00151,Member,2023-01-29 09:31,2023-01-29 09:34,Wall Street,Union Square,3.0,B024
R00152,Member,2023-01-29 10:21,2023-01-29 10:25,Union Square,Brooklyn Bridge,4.0,B049
R00153,Casual,2023-01-29 10:51,2023-01-29 11:27,Wall Street,Times Square,36.0,B027
R00154,Member,2023-01-29 12:33,2023-01-29 12:39,Times Square,Union Square,6.0,B085
R00155,Casual,2023-01-29 15:50,2023-01-29 15:59,Wall Street,Times Square,9.0,B069
R00156,Member,2023-01-29 17:13,2023-01-29 17:21,Union Square,Brooklyn Bridge,8.0,B079
R00157,Member,2023-01-29 22:52,2023-01-29 22:54,Central Park,Central Park,2.0,B025
R00158,Casual,2023-01-30 01:57,2023-01-30 01:58,Union Square,Union Square,1.0,B007
R00159,Casual,2023-01-30 06:05,2023-01-30 06:22,Times Square,Brooklyn Bridge,17.0,B003
R00160,Member,2023-01-30 08:32,2023-01-30 08:44,Central Park,Times Square,12.0,B053
R00161,Member,2023-01-30 15:39,2023-01-30 15:56,Central Park,Times Square,17.0,B047
R00162,Casual,2023-01-31 03:36,2023-01-31 03:37,Union Square,Central Park,1.0,B004
R00163,Member,2023-01-31 10:44,2023-01-31 10:57,Union Square,Central Park,13.0,B063
R00164,Casual,2023-01-31 15:17,2023-01-31 15:24,Central Park,Central Park,7.0,B079
R00165,Member,2023-01-31 20:57,2023-01-31 21:11,Wall Street,Brooklyn Bridge,14.0,B045
R00166,Member,2023-02-01 03:12,2023-02-01 03:27,Brooklyn Bridge,Wall Street,15.0,B040
R00167,Casual,2023-02-01 08:02,2023-02-01 10:38,Central Park,Central Park,156.0,B067
R00168,Member,2023-02-01 17:06,2023-02-01 17:27,Central Park,Central Park,21.0,B067
R00169,Casual,2023-02-02 15:52,2023-02-02 17:58,Central Park,Central Park,126.0,B039
R00170,Member,2023-02-02 17:55,2023-02-02 18:22,Wall Street,Wall Street,27.0,B048
R00171,Casual,2023-02-02 18:27,2023-02-02 18:59,Brooklyn Bridge,Central Park,32.0,B037
R00172,Casual,2023-02-02 20:21,2023-02-02 20:26,Wall Street,Times Square,5.0,B062
R00173,Member,2023-02-03 06:02,2023-02-03 06:34,Times Square,Brooklyn Bridge,32.0,B053
R00174,Casual,2023-02-03 12:18,2023-02-03 12:32,Union Square,Central Park,14.0,B034
R00175,Casual,2023-02-03 14:07,2023-02-03 14:24,Wall Street,Times Square,17.0,B042
R00176,Casual,2023-02-03 22:16,2023-02-04 01:10,Central Park,Central Park,174.0,B010
R00177,Casual,2023-02-04 05:02,2023-02-04 05:03,Times Square,Central Park,1.0,B019
R00178,Casual,2023-02-04 05:36,2023-02-04 06:30,Brooklyn Bridge,Central Park,54.0,B051
R00179,Casual,2023-02-04 06:21,2023-02-04 06:35,Brooklyn Bridge,Union Square,14.0,B087
R00180,Casual,2023-02-04 11:37,2023-02-04 11:38,Times Square,Union Square,1.0,B066
R00181,Casual,2023-02-04 15:29,2023-02-04 15:30,Central Park,Central Park,1.0,B080
R00182,Member,2023-02-04 15:49,2023-02-04 18:41,Central Park,Central Park,172.0,B038
R00183,Casual,2023-02-04 20:36,2023-02-04 21:09,Times Square,Union Square,33.0,B062
R00184,Member,2023-02-04 21:14,2023-02-04 21:19,Wall Street,Central Park,5.0,B094
R00185,Casual,2023-02-05 04:25,2023-02-05 04:58,Union Square,Union Square,33.0,B031
R00186,Casual,2023-02-05 17:02,2023-02-05 17:09,Wall Street,Wall Street,7.0,B021
R00187,Member,2023-02-05 19:03,2023-02-05 19:04,Central Park,Wall Street,1.0,B045
R00188,Casual,2023-02-05 19:28,2023-02-05 21:59,Central Park,Central Park,151.0,B052
R00189,Member,2023-02-05 23:30,2023-02-06 00:15,Wall Street,Wall Street,45.0,B075
R00190,Casual,2023-02-06 00:46,2023-02-06 01:59,Central Park,Central Park,73.0,B098
R00191,Casual,2023-02-06 02:14,2023-02-06 02:24,Wall Street,Times Square,10.0,B077
R00192,Member,2023-02-06 04:42,2023-02-06 04:59,Times Square,Brooklyn Bridge,17.0,B098
R00193,Casual,2023-02-06 08:14,2023-02-06 08:17,Central Park,Union Square,3.0,B021
R00194,Casual,2023-02-06 18:51,2023-02-06 19:17,Union Square,Central Park,26.0,B043
R00195,Casual,2023-02-07 02:22,2023-02-07 02:23,Times Square,Times Square,1.0,B069
R00196,Member,2023-02-07 05:58,2023-02-07 07:59,Central Park,Central Park,121.0,B055
R00197,Member,2023-02-07 13:35,2023-02-07 13:44,Times Square,Times Square,9.0,B030
R00198,Casual,2023-02-07 15:26,2023-02-07 17:42,Times Square,Brooklyn Bridge,136.0,B031
R00199,Casual,2023-02-07 21:43,2023-02-07 21:50,Union Square,Union Square,7.0,B006
R00200,Member,2023-02-07 23:04,2023-02-07 23:24,Times Square,Central Park,20.0,B073
R00201,Casual,2023-02-07 23:50,2023-02-07 23:51,Brooklyn Bridge,Brooklyn Bridge,1.0,B057
R00202,Member,2023-02-08 13:31,2023-02-08 13:59,Wall Street,Central Park,28.0,B087
R00203,Casual,2023-02-08 15:32,2023-02-08 15:39,Brooklyn Bridge,Central Park,7.0,B006
R00204,Casual,2023-02-08 16:31,2023-02-08 18:41,Central Park,Central Park,130.0,B017
R00205,Member,2023-02-08 17:34,2023-02-08 17:45,Central Park,Wall Street,11.0,B070
R00206,Casual,2023-02-08 23:46,2023-02-09 00:00,Wall Street,Wall Street,14.0,B023
R00207,Member,2023-02-09 00:11,2023-02-09 00:15,Union Square,Wall Street,4.0,B038
R00208,Member,2023-02-09 01:44,2023-02-09 01:54,Central Park,Times Square,10.0,B004
R00209,Member,2023-02-09 05:32,2023-02-09 05:50,Brooklyn Bridge,Wall Street,18.0,B048
R00210,Member,2023-02-09 07:45,2023-02-09 09:13,Central Park,Central Park,88.0,B056
R00211,Member,2023-02-10 02:37,2023-02-10 03:48,Central Park,Central Park,71.0,B060
R00212,Member,2023-02-10 03:26,2023-02-10 03:49,Central Park,Central Park,23.0,B033
R00213,Casual,2023-02-10 05:33,2023-02-10 05:49,Central Park,Union Square,16.0,B076
R00214,Casual,2023-02-10 06:08,2023-02-10 06:27,Union Square,Central Park,19.0,B048
R00215,Casual,2023-02-10 06:12,2023-02-10 06:34,Times Square,Times Square,22.0,B077
R00216,Casual,2023-02-10 14:44,2023-02-10 14:45,Central Park,Central Park,1.0,B008
R00217,Member,2023-02-10 18:58,2023-02-10 19:46,Wall Street,Wall Street,48.0,B029
R00218,Casual,2023-02-10 21:59,2023-02-10 22:09,Central Park,Wall Street,10.0,B002
R00219,Casual,2023-02-11 02:06,2023-02-11 02:27,Union Square,Central Park,21.0,B060
R00220,Member,2023-02-11 04:03,2023-02-11 06:47,Central Park,Central Park,164.0,B056
R00221,Member,2023-02-11 05:03,2023-02-11 05:22,Central Park,Brooklyn Bridge,19.0,B051
R00222,Casual,2023-02-11 05:17,2023-02-11 05:36,Union Square,Times Square,19.0,B080
R00223,Casual,2023-02-11 05:59,2023-02-11 07:12,Union Square,Union Square,73.0,B074
R00224,Member,2023-02-11 08:41,2023-02-11 08:55,Wall Street,Times Square,14.0,B094
R00225,Member,2023-02-11 12:48,2023-02-11 13:50,Central Park,Central Park,62.0,B041
R00226,Member,2023-02-11 17:39,2023-02-11 17:51,Times Square,Brooklyn Bridge,12.0,B038
R00227,Casual,2023-02-12 06:40,2023-02-12 06:48,Wall Street,Union Square,8.0,B071
R00228,Member,2023-02-12 08:38,2023-02-12 09:02,Central Park,Union Square,24.0,B070
R00229,Member,2023-02-12 09:24,2023-02-12 09:27,Wall Street,Wall Street,3.0,B023
R00230,,2023-02-12 11:31,2023-02-12 13:40,Central Park,Central Park,129.0,B092
R00231,Casual,2023-02-12 13:56,2023-02-12 14:06,Wall Street,Brooklyn Bridge,10.0,B016
R00232,Member,2023-02-12 15:10,2023-02-12 15:11,Central Park,Times Square,1.0,B016
R00233,Casual,2023-02-12 18:07,2023-02-12 18:09,Union Square,Union Square,2.0,B026
R00234,Member,2023-02-13 02:14,2023-02-13 04:51,Central Park,Central Park,157.0,B025
R00235,Casual,2023-02-13 07:23,2023-02-13 07:41,Central Park,Times Square,18.0,B050
R00236,Casual,2023-02-13 14:33,2023-02-13 15:11,Union Square,Wall Street,38.0,B012
R00237,Casual,2023-02-14 00:16,2023-02-14 00:36,Wall Street,Times Square,20.0,B015
R00238,Casual,2023-02-14 00:39,2023-02-14 00:49,Wall Street,Brooklyn Bridge,10.0,B012
R00239,Casual,2023-02-14 03:06,2023-02-14 03:11,Wall Street,Times Square,5.0,B001
R00240,Member,2023-02-14 09:08,2023-02-14 09:27,Wall Street,Wall Street,19.0,B018
R00241,Casual,2023-02-14 12:00,2023-02-14 12:01,Union Square,Times Square,1.0,B024
R00242,Member,2023-02-14 18:22,2023-02-14 18:54,Times Square,Brooklyn Bridge,32.0,B100
R00243,Member,2023-02-14 18:33,2023-02-14 19:09,Union Square,Brooklyn Bridge,36.0,B032
R00244,Member,2023-02-14 19:15,2023-02-14 20:11,Wall Street,Union Square,56.0,B085
R00245,Member,2023-02-14 19:35,2023-02-14 22:24,Central Park,Central Park,169.0,B078
R00246,Member,2023-02-15 01:47,2023-02-15 02:49,Brooklyn Bridge,Brooklyn Bridge,62.0,B069
R00247,Casual,2023-02-15 01:59,2023-02-15 03:02,Central Park,Times Square,63.0,B053
R00248,Casual,2023-02-15 02:54,2023-02-15 03:20,Union Square,Wall Street,26.0,B078
R00249,Member,2023-02-15 04:37,2023-02-15 05:07,Times Square,Wall Street,30.0,B060
R00250,Member,2023-02-15 11:05,2023-02-15 11:08,Times Square,Union Square,3.0,B048
R00251,Member,2023-02-15 13:12,2023-02-15 13:20,Central Park,Wall Street,8.0,B099
R00252,Member,2023-02-15 14:15,2023-02-15 14:28,Wall Street,Wall Street,13.0,B033
R00253,Casual,2023-02-15 14:43,2023-02-15 15:34,Wall Street,Union Square,51.0,B005
R00254,Member,2023-02-15 19:13,2023-02-15 19:59,Central Park,Central Park,46.0,B099
R00255,Member,2023-02-15 19:36,2023-02-15 21:32,Central Park,Central Park,116.0,B021
R00256,Casual,2023-02-15 20:05,2023-02-15 20:14,Central Park,Brooklyn Bridge,9.0,B024
R00257,Member,2023-02-15 20:30,2023-02-15 21:36,Central Park,Wall Street,66.0,B063
R00258,Casual,2023-02-16 02:54,2023-02-16 02:56,Brooklyn Bridge,Union Square,2.0,B030
R00259,Casual,2023-02-16 22:00,2023-02-17 00:39,Central Park,Central Park,159.0,B025
R00260,Member,2023-02-16 22:06,2023-02-16 22:43,Brooklyn Bridge,Brooklyn Bridge,37.0,B078
R00261,Casual,2023-02-16 22:15,2023-02-16 22:25,Central Park,Wall Street,10.0,B017
R00262,Casual,2023-02-17 02:51,2023-02-17 03:45,Times Square,Wall Street,54.0,B014
R00263,Member,2023-02-17 03:07,2023-02-17 03:18,Union Square,Brooklyn Bridge,11.0,B045
R00264,Casual,2023-02-17 16:52,2023-02-17 16:54,Brooklyn Bridge,Union Square,2.0,B017
R00265,Member,2023-02-17 18:03,2023-02-17 18:04,Central Park,Central Park,1.0,B044
R00266,Member,2023-02-17 19:33,2023-02-17 22:11,Central Park,Central Park,158.0,B093
R00267,Member,2023-02-17 22:09,2023-02-17 22:52,Times Square,Wall Street,43.0,B059
R00268,Casual,2023-02-18 04:03,2023-02-18 04:09,Times Square,Wall Street,6.0,B060
R00269,Member,2023-02-18 06:45,2023-02-18 06:52,Wall Street,Central Park,7.0,B087
R00270,Member,2023-02-18 08:16,2023-02-18 08:45,Central Park,Wall Street,29.0,B061
R00271,Member,2023-02-18 09:53,2023-02-18 10:15,Union Square,Brooklyn Bridge,22.0,B092
R00272,,2023-02-18 11:46,2023-02-18 14:22,Central Park,Central Park,156.0,B067
R00273,Casual,2023-02-18 13:48,2023-02-18 13:52,Times Square,Wall Street,4.0,B097
R00274,Member,2023-02-18 16:09,2023-02-18 16:32,Central Park,Wall Street,23.0,B062
R00275,Casual,2023-02-18 17:06,2023-02-18 17:16,Brooklyn Bridge,Wall Street,10.0,B055
R00276,Member,2023-02-18 20:09,2023-02-18 21:04,Wall Street,Union Square,55.0,B004
R00277,Casual,2023-02-18 21:53,2023-02-18 22:07,Wall Street,Brooklyn Bridge,14.0,B074
R00278,Casual,2023-02-19 13:46,2023-02-19 14:55,Wall Street,Times Square,69.0,B099
R00279,Member,2023-02-19 20:20,2023-02-19 20:21,Wall Street,Brooklyn Bridge,1.0,B067
R00280,Casual,2023-02-19 22:11,2023-02-20 00:21,Central Park,Central Park,130.0,B056
R00281,Member,2023-02-20 08:36,2023-02-20 08:40,Brooklyn Bridge,Union Square,4.0,B057
R00282,Member,2023-02-20 09:43,2023-02-20 09:48,Times Square,Central Park,5.0,B052
R00283,Casual,2023-02-20 10:55,2023-02-20 10:59,Wall Street,Wall Street,4.0,B041
R00284,Casual,2023-02-20 16:04,2023-02-20 16:35,Union Square,Central Park,31.0,B074
R00285,Casual,2023-02-20 23:14,2023-02-21 01:43,Central Park,Central Park,149.0,B006
R00286,Member,2023-02-21 03:58,2023-02-21 04:08,Brooklyn Bridge,Brooklyn Bridge,10.0,B074
R00287,Member,2023-02-21 05:54,2023-02-21 06:03,Times Square,Central Park,9.0,B062
R00288,Casual,2023-02-21 08:53,2023-02-21 10:45,Wall Street,Times Square,112.0,B075
R00289,Member,2023-02-21 11:38,2023-02-21 11:51,Central Park,Brooklyn Bridge,13.0,B056
R00290,Member,2023-02-21 13:26,2023-02-21 14:19,Wall Street,Times Square,53.0,B008
R00291,Casual,2023-02-21 19:31,2023-02-21 19:45,Union Square,Wall Street,14.0,B053
R00292,Casual,2023-02-21 21:46,2023-02-21 21:55,Times Square,Brooklyn Bridge,9.0,B068
R00293,Casual,2023-02-21 21:56,2023-02-22 00:29,Central Park,Central Park,153.0,B042
R00294,Casual,2023-02-22 06:09,2023-02-22 06:58,Union Square,Brooklyn Bridge,49.0,B092
R00295,Member,2023-02-22 14:31,2023-02-22 14:55,Times Square,Central Park,24.0,B064
R00296,Member,2023-02-22 16:40,2023-02-22 19:23,Central Park,Central Park,163.0,B051
R00297,Member,2023-02-23 01:54,2023-02-23 02:15,Brooklyn Bridge,Central Park,21.0,B036
R00298,Casual,2023-02-23 05:36,2023-02-23 06:01,Brooklyn Bridge,Brooklyn Bridge,25.0,B084
R00299,Casual,2023-02-23 07:38,2023-02-23 07:39,Wall Street,Wall Street,1.0,B057
R00300,Member,2023-02-23 10:15,2023-02-23 10:32,Union Square,Times Square,17.0,B059
R00301,Member,2023-02-23 17:27,2023-02-23 18:39,Central Park,Central Park,72.0,B045
R00302,Casual,2023-02-23 21:00,2023-02-23 21:44,Wall Street,Times Square,44.0,B099
R00303,Casual,2023-02-24 06:27,2023-02-24 06:29,Wall Street,Brooklyn Bridge,2.0,B067
R00304,Casual,2023-02-24 09:31,2023-02-24 09:44,Brooklyn Bridge,Brooklyn Bridge,13.0,B010
R00305,Casual,2023-02-24 14:43,2023-02-24 15:43,Central Park,Central Park,60.0,B062
R00306,Member,2023-02-25 03:30,2023-02-25 04:11,Union Square,Brooklyn Bridge,41.0,B084
R00307,Member,2023-02-25 05:49,2023-02-25 08:42,Central Park,Central Park,173.0,B070
R00308,Member,2023-02-25 14:08,2023-02-25 14:19,Central Park,Times Square,11.0,B021
R00309,Member,2023-02-25 22:38,2023-02-25 23:53,Brooklyn Bridge,Brooklyn Bridge,75.0,B078
R00310,Casual,2023-02-26 06:44,2023-02-26 07:37,Union Square,Union Square,53.0,B005
R00311,Member,2023-02-26 08:48,2023-02-26 09:51,Brooklyn Bridge,Brooklyn Bridge,63.0,B054
R00312,Casual,2023-02-26 12:33,2023-02-26 15:28,Central Park,Central Park,175.0,B026
R00313,Casual,2023-02-26 14:08,2023-02-26 14:12,Central Park,Times Square,4.0,B005
R00314,Member,2023-02-26 16:44,2023-02-26 16:55,Brooklyn Bridge,Brooklyn Bridge,11.0,B079
R00315,Member,2023-02-26 19:39,2023-02-26 20:14,Brooklyn Bridge,Central Park,35.0,B085
R00316,Member,2023-02-26 20:25,2023-02-26 20:33,Wall Street,Central Park,8.0,B090
R00317,Member,2023-02-26 21:35,2023-02-26 21:44,Union Square,Wall Street,9.0,B037
R00318,Member,2023-02-27 00:13,2023-02-27 00:50,Wall Street,Times Square,37.0,B029
R00319,Casual,2023-02-27 04:30,2023-02-27 07:04,Central Park,Central Park,154.0,B056
R00320,Member,2023-02-27 05:18,2023-02-27 05:27,Brooklyn Bridge,Central Park,9.0,B023
R00321,Member,2023-02-27 19:16,2023-02-27 19:17,Times Square,Wall Street,1.0,B029
R00322,Casual,2023-02-27 21:25,2023-02-27 21:38,Central Park,Wall Street,13.0,B014
R00323,Member,2023-02-28 03:39,2023-02-28 03:40,Central Park,Brooklyn Bridge,1.0,B098
R00324,Member,2023-02-28 04:38,2023-02-28 06:49,Central Park,Central Park,131.0,B067
R00325,Member,2023-02-28 04:50,2023-02-28 05:01,Union Square,Wall Street,11.0,B042
R00326,Member,2023-02-28 06:08,2023-02-28 07:34,Brooklyn Bridge,Wall Street,86.0,B035
R00327,Member,2023-02-28 14:52,2023-02-28 14:58,Brooklyn Bridge,Union Square,6.0,B037
R00328,Member,2023-02-28 15:01,2023-02-28 15:27,Wall Street,Times Square,26.0,B030
R00329,Member,2023-02-28 22:28,2023-02-28 22:40,Wall Street,Times Square,12.0,B018
R00330,Casual,2023-03-01 11:43,2023-03-01 12:02,Wall Street,Brooklyn Bridge,19.0,B096
R00331,Member,2023-03-01 11:56,2023-03-01 12:08,Wall Street,Wall Street,12.0,B073
R00332,Casual,2023-03-01 13:24,2023-03-01 14:04,Brooklyn Bridge,Times Square,40.0,B046
R00333,Casual,2023-03-01 15:12,2023-03-01 17:51,Central Park,Central Park,159.0,B014
R00334,Member,2023-03-01 15:12,2023-03-01 15:56,Brooklyn Bridge,Central Park,44.0,B040
R00335,Casual,2023-03-01 15:28,2023-03-01 15:34,Union Square,Union Square,6.0,B060
R00336,Member,2023-03-01 19:10,2023-03-01 19:31,Times Square,Times Square,21.0,B030
R00337,Casual,2023-03-02 00:29,2023-03-02 00:35,Wall Street,Brooklyn Bridge,6.0,B013
R00338,Member,2023-03-02 04:57,2023-03-02 05:14,Brooklyn Bridge,Times Square,17.0,B093
R00339,Casual,2023-03-02 05:19,2023-03-02 05:42,Union Square,Central Park,23.0,B032
R00340,Casual,2023-03-02 09:02,2023-03-02 11:02,Times Square,Brooklyn Bridge,120.0,B013
R00341,Member,2023-03-02 11:50,2023-03-02 14:18,Central Park,Central Park,148.0,B073
R00342,,2023-03-02 14:20,2023-03-02 14:21,Brooklyn Bridge,Times Square,1.0,B036
R00343,Casual,2023-03-02 16:59,2023-03-02 17:24,Union Square,Union Square,25.0,B078
R00344,Casual,2023-03-02 17:02,2023-03-02 17:06,Central Park,Times Square,4.0,B016
R00345,,2023-03-02 18:18,2023-03-02 18:52,Union Square,Wall Street,34.0,B042
R00346,Casual,2023-03-03 07:42,2023-03-03 10:34,Central Park,Central Park,172.0,B085
R00347,Casual,2023-03-03 10:06,2023-03-03 10:19,Times Square,Times Square,13.0,B053
R00348,Casual,2023-03-03 15:23,2023-03-03 15:57,Central Park,Wall Street,34.0,B055
R00349,Member,2023-03-03 16:08,2023-03-03 16:09,Wall Street,Union Square,1.0,B061
R00350,Casual,2023-03-03 16:23,2023-03-03 17:08,Times Square,Brooklyn Bridge,45.0,B089
R00351,Casual,2023-03-03 18:57,2023-03-03 19:13,Union Square,Times Square,16.0,B077
R00352,Member,2023-03-03 21:10,2023-03-03 21:57,Brooklyn Bridge,Times Square,47.0,B041
R00353,Casual,2023-03-03 23:08,2023-03-03 23:16,Central Park,Brooklyn Bridge,8.0,B050
R00354,Member,2023-03-03 23:36,2023-03-04 00:02,Times Square,Times Square,26.0,B065
R00355,,2023-03-04 08:32,2023-03-04 08:42,Brooklyn Bridge,Central Park,10.0,B077
R00356,Casual,2023-03-04 11:19,2023-03-04 13:46,Central Park,Central Park,147.0,B065
R00357,Casual,2023-03-04 14:32,2023-03-04 14:37,Central Park,Union Square,5.0,B078
R00358,Casual,2023-03-04 16:31,2023-03-04 16:36,Wall Street,Union Square,5.0,B068
R00359,Member,2023-03-04 19:48,2023-03-04 20:06,Times Square,Times Square,18.0,B057
R00360,Casual,2023-03-04 22:33,2023-03-04 23:01,Wall Street,Brooklyn Bridge,28.0,B041
R00361,Member,2023-03-05 04:07,2023-03-05 04:16,Wall Street,Wall Street,9.0,B065
R00362,Casual,2023-03-05 04:26,2023-03-05 05:14,Brooklyn Bridge,Wall Street,48.0,B025
R00363,Casual,2023-03-05 07:19,2023-03-05 07:45,Times Square,Brooklyn Bridge,26.0,B092
R00364,Member,2023-03-05 22:22,2023-03-06 01:05,Central Park,Central Park,163.0,B020
R00365,Member,2023-03-06 04:50,2023-03-06 04:52,Times Square,Brooklyn Bridge,2.0,B053
R00366,Casual,2023-03-06 18:25,2023-03-06 18:36,Brooklyn Bridge,Times Square,11.0,B022
R00367,Casual,2023-03-06 18:35,2023-03-06 19:46,Union Square,Times Square,71.0,B070
R00368,Member,2023-03-06 19:19,2023-03-06 20:49,Central Park,Central Park,90.0,B049
R00369,Casual,2023-03-07 03:53,2023-03-07 04:10,Wall Street,Times Square,17.0,B022
R00370,Casual,2023-03-07 08:52,2023-03-07 09:11,Union Square,Union Square,19.0,B052
R00371,Casual,2023-03-07 11:39,2023-03-07 11:41,Union Square,Central Park,2.0,B010
R00372,Casual,2023-03-07 14:33,2023-03-07 15:04,Union Square,Times Square,31.0,B058
R00373,Member,2023-03-07 21:55,2023-03-07 23:18,Central Park,Central Park,83.0,B008
R00374,Casual,2023-03-08 03:09,2023-03-08 05:48,Central Park,Central Park,159.0,B089
R00375,Casual,2023-03-08 07:45,2023-03-08 07:47,Union Square,Times Square,2.0,B002
R00376,Casual,2023-03-08 11:35,2023-03-08 11:51,Union Square,Union Square,16.0,B015
R00377,Member,2023-03-09 00:13,2023-03-09 00:20,Wall Street,Times Square,7.0,B017
R00378,Member,2023-03-09 00:35,2023-03-09 00:44,Times Square,Wall Street,9.0,B040
R00379,Member,2023-03-09 01:37,2023-03-09 01:44,Times Square,Union Square,7.0,B082
R00380,Member,2023-03-09 02:59,2023-03-09 04:44,Times Square,Union Square,105.0,B062
R00381,Casual,2023-03-09 03:51,2023-03-09 04:25,Union Square,Central Park,34.0,B018
R00382,Member,2023-03-09 04:55,2023-03-09 04:56,Union Square,Central Park,1.0,B092
R00383,,2023-03-09 07:15,2023-03-09 07:48,Union Square,Central Park,33.0,B044
R00384,Member,2023-03-09 12:59,2023-03-09 13:28,Wall Street,Brooklyn Bridge,29.0,B031
R00385,Casual,2023-03-09 13:48,2023-03-09 14:26,Times Square,Brooklyn Bridge,38.0,B021
R00386,Casual,2023-03-09 14:30,2023-03-09 14:52,Times Square,Central Park,22.0,B049
R00387,Casual,2023-03-09 16:11,2023-03-09 16:12,Union Square,Central Park,1.0,B022
R00388,Member,2023-03-09 20:12,2023-03-09 20:20,Union Square,Brooklyn Bridge,8.0,B068
R00389,Casual,2023-03-09 21:23,2023-03-09 23:19,Central Park,Central Park,116.0,B026
R00390,Member,2023-03-10 01:54,2023-03-10 02:29,Brooklyn Bridge,Union Square,35.0,B035
R00391,Casual,2023-03-10 06:05,2023-03-10 08:05,Central Park,Central Park,120.0,B029
R00392,Member,2023-03-10 11:56,2023-03-10 11:57,Wall Street,Times Square,1.0,B065
R00393,Casual,2023-03-10 12:03,2023-03-10 12:22,Union Square,Central Park,19.0,B092
R00394,Member,2023-03-10 16:02,2023-03-10 16:06,Central Park,Brooklyn Bridge,4.0,B065
R00395,Member,2023-03-10 17:41,2023-03-10 19:13,Wall Street,Union Square,92.0,B017
R00396,,2023-03-10 21:28,2023-03-10 21:38,Wall Street,Union Square,10.0,B016
R00397,Casual,2023-03-10 21:55,2023-03-10 22:25,Union Square,Central Park,30.0,B019
R00398,Member,2023-03-11 01:22,2023-03-11 01:31,Central Park,Times Square,9.0,B098
R00399,Member,2023-03-11 05:19,2023-03-11 06:35,Times Square,Central Park,76.0,B063
R00400,Member,2023-03-11 15:28,2023-03-11 16:07,Wall Street,Times Square,39.0,B036
R00401,Member,2023-03-11 15:33,2023-03-11 15:34,Union Square,Central Park,1.0,B013
R00402,Casual,2023-03-11 17:14,2023-03-11 18:38,Central Park,Central Park,84.0,B022
R00403,Casual,2023-03-12 02:47,2023-03-12 02:57,Wall Street,Times Square,10.0,B089
R00404,Casual,2023-03-12 12:03,2023-03-12 12:11,Wall Street,Times Square,8.0,B061
R00405,,2023-03-12 14:06,2023-03-12 14:07,Central Park,Central Park,1.0,B044
R00406,Member,2023-03-12 17:52,2023-03-12 19:39,Central Park,Central Park,107.0,B016
R00407,Member,2023-03-12 21:54,2023-03-12 22:09,Brooklyn Bridge,Brooklyn Bridge,15.0,B098
R00408,Member,2023-03-13 00:53,2023-03-13 00:58,Times Square,Central Park,5.0,B055
R00409,Casual,2023-03-13 11:41,2023-03-13 13:35,Central Park,Central Park,114.0,B005
R00410,Casual,2023-03-13 20:17,2023-03-13 20:39,Union Square,Times Square,22.0,B045
R00411,Member,2023-03-13 21:56,2023-03-13 22:28,Times Square,Times Square,32.0,B097
R00412,Casual,2023-03-13 22:28,2023-03-13 22:50,Union Square,Wall Street,22.0,B027
R00413,Casual,2023-03-14 02:50,2023-03-14 02:51,Union Square,Central Park,1.0,B095
R00414,Casual,2023-03-14 06:17,2023-03-14 07:16,Wall Street,Union Square,,B009
R00415,Casual,2023-03-14 06:17,2023-03-14 07:16,Wall Street,Union Square,,B009
R00416,Member,2023-03-14 07:51,2023-03-14 07:52,Central Park,Central Park,1.0,B097
R00417,Member,2023-03-14 12:35,2023-03-14 12:36,Wall Street,Union Square,1.0,B057
R00418,Member,2023-03-14 12:45,2023-03-14 12:49,Central Park,Union Square,4.0,B027
R00419,Casual,2023-03-14 16:11,2023-03-14 18:17,Central Park,Central Park,126.0,B034
R00420,Casual,2023-03-14 22:56,2023-03-14 23:02,Wall Street,Brooklyn Bridge,6.0,B061
R00421,Casual,2023-03-15 00:53,2023-03-15 01:27,Wall Street,Brooklyn Bridge,34.0,B088
R00422,Member,2023-03-15 02:20,2023-03-15 03:32,Central Park,Central Park,72.0,B090
R00423,Member,2023-03-15 04:47,2023-03-15 04:52,Central Park,Brooklyn Bridge,5.0,B088
R00424,Casual,2023-03-15 06:57,2023-03-15 06:58,Brooklyn Bridge,Times Square,1.0,B003
R00425,Casual,2023-03-15 09:23,2023-03-15 10:22,Times Square,Union Square,59.0,B061
R00426,Member,2023-03-15 10:24,2023-03-15 10:29,Times Square,Times Square,5.0,B098
R00427,Member,2023-03-15 13:56,2023-03-15 14:25,Union Square,Union Square,29.0,B025
R00428,Member,2023-03-16 02:51,2023-03-16 02:57,Union Square,Wall Street,6.0,B082
R00429,Member,2023-03-16 04:26,2023-03-16 04:36,Central Park,Brooklyn Bridge,10.0,B057
R00430,Casual,2023-03-16 08:31,2023-03-16 10:29,Central Park,Central Park,118.0,B019
R00431,Member,2023-03-16 12:09,2023-03-16 12:22,Times Square,Central Park,13.0,B039
R00432,Member,2023-03-16 12:49,2023-03-16 13:27,Wall Street,Wall Street,38.0,B070
R00433,Member,2023-03-16 13:01,2023-03-16 13:57,Brooklyn Bridge,Times Square,56.0,B097
R00434,Casual,2023-03-16 17:46,2023-03-16 17:49,Union Square,Union Square,3.0,B017
R00435,Member,2023-03-17 00:54,2023-03-17 00:58,Brooklyn Bridge,Central Park,4.0,B065
R00436,Casual,2023-03-17 09:12,2023-03-17 09:36,Times Square,Central Park,24.0,B040
R00437,Casual,2023-03-17 10:18,2023-03-17 12:49,Central Park,Central Park,151.0,B002
R00438,Member,2023-03-17 16:58,2023-03-17 17:35,Brooklyn Bridge,Wall Street,37.0,B089
R00439,Casual,2023-03-17 18:14,2023-03-17 18:41,Union Square,Brooklyn Bridge,27.0,B074
R00440,Member,2023-03-17 21:11,2023-03-17 21:23,Central Park,Times Square,12.0,B026
R00441,,2023-03-17 22:13,2023-03-17 22:36,Central Park,Times Square,23.0,B073
R00442,Member,2023-03-18 05:17,2023-03-18 05:54,Times Square,Central Park,37.0,B054
R00443,Casual,2023-03-18 07:56,2023-03-18 08:23,Central Park,Brooklyn Bridge,27.0,B051
R00444,Member,2023-03-18 08:19,2023-03-18 08:40,Times Square,Wall Street,21.0,B079
R00445,Casual,2023-03-18 10:02,2023-03-18 10:03,Union Square,Union Square,1.0,B005
R00446,Casual,2023-03-18 10:17,2023-03-18 10:34,Central Park,Brooklyn Bridge,17.0,B057
R00447,Member,2023-03-18 12:36,2023-03-18 15:30,Central Park,Central Park,174.0,B020
R00448,,2023-03-18 14:51,2023-03-18 14:52,Wall Street,Brooklyn Bridge,1.0,B037
R00449,Member,2023-03-18 17:14,2023-03-18 17:19,Brooklyn Bridge,Central Park,5.0,B074
R00450,Member,2023-03-18 19:25,2023-03-18 19:35,Union Square,Union Square,10.0,B046
R00451,Member,2023-03-19 01:08,2023-03-19 01:23,Wall Street,Union Square,15.0,B029
R00452,Member,2023-03-19 07:08,2023-03-19 07:12,Times Square,Brooklyn Bridge,4.0,B021
R00453,Member,2023-03-19 08:03,2023-03-19 08:04,Wall Street,Union Square,1.0,B086
R00454,Casual,2023-03-19 08:40,2023-03-19 09:44,Union Square,Union Square,64.0,B021
R00455,Member,2023-03-19 10:38,2023-03-19 10:54,Brooklyn Bridge,Central Park,16.0,B061
R00456,Casual,2023-03-19 12:05,2023-03-19 12:21,Brooklyn Bridge,Brooklyn Bridge,16.0,B027
R00457,Member,2023-03-19 12:26,2023-03-19 12:27,Central Park,Central Park,1.0,B086
R00458,Member,2023-03-19 15:00,2023-03-19 15:02,Union Square,Union Square,2.0,B009
R00459,Member,2023-03-19 20:02,2023-03-19 21:59,Central Park,Central Park,117.0,B005
R00460,Member,2023-03-20 01:45,2023-03-20 02:45,Times Square,Union Square,60.0,B010
R00461,Member,2023-03-20 03:51,2023-03-20 05:23,Central Park,Central Park,92.0,B091
R00462,Member,2023-03-20 05:26,2023-03-20 05:48,Wall Street,Times Square,22.0,B062
R00463,,2023-03-20 11:13,2023-03-20 11:21,Union Square,Union Square,8.0,B071
R00464,Casual,2023-03-20 18:33,2023-03-20 18:41,Central Park,Wall Street,8.0,B030
R00465,Member,2023-03-20 19:08,2023-03-20 19:23,Union Square,Union Square,15.0,B005
R00466,Casual,2023-03-20 20:09,2023-03-20 20:31,Brooklyn Bridge,Central Park,22.0,B013
R00467,Casual,2023-03-20 22:43,2023-03-20 22:44,Union Square,Central Park,1.0,B005
R00468,Casual,2023-03-21 00:31,2023-03-21 02:36,Central Park,Central Park,125.0,B005
R00469,Member,2023-03-21 14:52,2023-03-21 15:37,Central Park,Wall Street,45.0,B075
R00470,Member,2023-03-22 01:18,2023-03-22 02:17,Union Square,Union Square,59.0,B059
R00471,Member,2023-03-22 03:49,2023-03-22 04:10,Union Square,Union Square,21.0,B004
R00472,Member,2023-03-22 04:11,2023-03-22 04:42,Central Park,Wall Street,31.0,B001
R00473,Casual,2023-03-22 06:29,2023-03-22 07:39,Wall Street,Central Park,70.0,B032
R00474,Casual,2023-03-22 07:06,2023-03-22 09:54,Central Park,Central Park,168.0,B074
R00475,Casual,2023-03-22 09:29,2023-03-22 09:42,Central Park,Union Square,13.0,B081
R00476,Casual,2023-03-22 09:33,2023-03-22 09:37,Brooklyn Bridge,Times Square,4.0,B011
R00477,Casual,2023-03-22 12:42,2023-03-22 12:50,Union Square,Union Square,8.0,B073
R00478,Casual,2023-03-23 00:34,2023-03-23 00:49,Wall Street,Central Park,15.0,B025
R00479,,2023-03-23 04:02,2023-03-23 04:27,Brooklyn Bridge,Central Park,25.0,B019
R00480,Member,2023-03-23 04:44,2023-03-23 04:45,Central Park,Times Square,1.0,B060
R00481,Member,2023-03-23 07:00,2023-03-23 07:22,Central Park,Central Park,22.0,B050
R00482,Member,2023-03-23 07:34,2023-03-23 07:43,Wall Street,Brooklyn Bridge,9.0,B038
R00483,Casual,2023-03-23 09:04,2023-03-23 11:02,Central Park,Central Park,118.0,B090
R00484,Member,2023-03-23 09:40,2023-03-23 10:58,Union Square,Brooklyn Bridge,78.0,B074
R00485,Casual,2023-03-23 12:36,2023-03-23 12:54,Union Square,Brooklyn Bridge,18.0,B007
R00486,Member,2023-03-23 14:52,2023-03-23 15:09,Central Park,Wall Street,17.0,B060
R00487,Member,2023-03-23 17:56,2023-03-23 17:58,Times Square,Times Square,2.0,B062
R00488,,2023-03-23 18:46,2023-03-23 19:14,Wall Street,Brooklyn Bridge,28.0,B035
R00489,Member,2023-03-23 23:33,2023-03-23 23:58,Central Park,Wall Street,25.0,B049
R00490,Casual,2023-03-24 06:27,2023-03-24 06:45,Times Square,Wall Street,18.0,B066
R00491,Member,2023-03-24 07:15,2023-03-24 09:36,Central Park,Central Park,141.0,B071
R00492,,2023-03-24 07:30,2023-03-24 08:02,Brooklyn Bridge,Central Park,32.0,B082
R00493,Member,2023-03-24 13:53,2023-03-24 13:54,Brooklyn Bridge,Times Square,1.0,B084
R00494,Member,2023-03-24 14:04,2023-03-24 14:11,Central Park,Wall Street,7.0,B098
R00495,Casual,2023-03-25 01:30,2023-03-25 04:14,Central Park,Central Park,164.0,B095
R00496,Casual,2023-03-25 02:50,2023-03-25 02:52,Wall Street,Brooklyn Bridge,2.0,B064
R00497,Casual,2023-03-25 05:26,2023-03-25 05:53,Brooklyn Bridge,Times Square,27.0,B016
R00498,Member,2023-03-25 08:48,2023-03-25 09:04,Wall Street,Brooklyn Bridge,16.0,B049
R00499,Casual,2023-03-25 16:24,2023-03-25 16:34,Union Square,Central Park,10.0,B083
R00500,Casual,2023-03-25 23:04,2023-03-26 00:22,Brooklyn Bridge,Union Square,78.0,B077
R00501,Casual,2023-03-25 23:11,2023-03-25 23:20,Wall Street,Central Park,9.0,B033
R00502,Casual,2023-03-25 23:49,2023-03-26 00:18,Wall Street,Central Park,29.0,B037
R00503,Casual,2023-03-26 01:27,2023-03-26 04:16,Central Park,Central Park,169.0,B079
R00504,Member,2023-03-26 05:00,2023-03-26 05:04,Wall Street,Union Square,4.0,B061
R00505,Casual,2023-03-26 07:54,2023-03-26 08:14,Union Square,Union Square,20.0,B060
R00506,Casual,2023-03-26 09:18,2023-03-26 09:35,Brooklyn Bridge,Brooklyn Bridge,17.0,B019
R00507,Member,2023-03-26 11:56,2023-03-26 12:00,Central Park,Union Square,4.0,B068
R00508,Casual,2023-03-26 15:28,2023-03-26 15:29,Union Square,Wall Street,1.0,B021
R00509,Member,2023-03-26 15:44,2023-03-26 15:47,Times Square,Brooklyn Bridge,3.0,B023
R00510,Member,2023-03-26 16:46,2023-03-26 17:57,Central Park,Times Square,71.0,B074
R00511,Member,2023-03-26 20:48,2023-03-26 20:52,Union Square,Times Square,4.0,B054
R00512,Member,2023-03-27 01:41,2023-03-27 02:14,Central Park,Brooklyn Bridge,33.0,B006
R00513,Casual,2023-03-27 06:13,2023-03-27 06:15,Central Park,Times Square,2.0,B048
R00514,Casual,2023-03-27 07:37,2023-03-27 08:59,Central Park,Central Park,82.0,B030
R00515,Member,2023-03-27 09:50,2023-03-27 09:51,Wall Street,Brooklyn Bridge,1.0,B048
R00516,Member,2023-03-27 13:27,2023-03-27 13:28,Central Park,Wall Street,1.0,B069
R00517,Member,2023-03-27 18:24,2023-03-27 18:27,Brooklyn Bridge,Union Square,3.0,B058
R00518,Casual,2023-03-27 20:43,2023-03-27 20:51,Wall Street,Central Park,8.0,B001
R00519,Member,2023-03-27 20:59,2023-03-27 21:50,Union Square,Brooklyn Bridge,51.0,B069
R00520,Casual,2023-03-28 01:11,2023-03-28 01:33,Wall Street,Wall Street,22.0,B065
R00521,Casual,2023-03-28 01:32,2023-03-28 02:27,Times Square,Union Square,55.0,B032
R00522,Member,2023-03-28 02:03,2023-03-28 02:43,Brooklyn Bridge,Times Square,40.0,B057
R00523,Member,2023-03-28 05:45,2023-03-28 06:10,Times Square,Times Square,25.0,B021
R00524,Member,2023-03-28 14:12,2023-03-28 14:33,Wall Street,Union Square,21.0,B084
R00525,Member,2023-03-28 14:58,2023-03-28 16:49,Central Park,Central Park,111.0,B032
R00526,Casual,2023-03-28 15:54,2023-03-28 15:56,Central Park,Union Square,2.0,B030
R00527,Casual,2023-03-28 23:44,2023-03-28 23:47,Wall Street,Central Park,3.0,B087
R00528,Member,2023-03-29 00:06,2023-03-29 00:13,Wall Street,Union Square,7.0,B005
R00529,Member,2023-03-29 07:29,2023-03-29 07:38,Union Square,Wall Street,9.0,B049
R00530,,2023-03-29 10:28,2023-03-29 10:29,Times Square,Wall Street,1.0,B046
R00531,Casual,2023-03-29 11:15,2023-03-29 11:16,Wall Street,Central Park,1.0,B032
R00532,Member,2023-03-29 12:05,2023-03-29 14:33,Central Park,Central Park,148.0,B052
R00533,Member,2023-03-29 12:54,2023-03-29 12:58,Brooklyn Bridge,Wall Street,4.0,B049
R00534,Member,2023-03-29 15:56,2023-03-29 17:09,Brooklyn Bridge,Central Park,73.0,B004
R00535,Member,2023-03-29 20:35,2023-03-29 20:38,Times Square,Brooklyn Bridge,3.0,B002
R00536,Member,2023-03-30 07:54,2023-03-30 08:07,Wall Street,Times Square,13.0,B039
R00537,Casual,2023-03-30 16:26,2023-03-30 16:44,Union Square,Wall Street,18.0,B060
R00538,Casual,2023-03-30 17:18,2023-03-30 17:37,Central Park,Union Square,19.0,B069
R00539,Member,2023-03-30 17:19,2023-03-30 17:29,Central Park,Brooklyn Bridge,10.0,B002
R00540,Casual,2023-03-30 21:27,2023-03-30 21:28,Union Square,Union Square,1.0,B029
R00541,Member,2023-03-30 23:03,2023-03-31 00:27,Central Park,Central Park,84.0,B013
R00542,Casual,2023-03-31 05:43,2023-03-31 05:44,Brooklyn Bridge,Times Square,1.0,B016
R00543,Member,2023-03-31 07:28,2023-03-31 08:05,Union Square,Union Square,37.0,B007
R00544,Casual,2023-03-31 07:47,2023-03-31 07:49,Central Park,Wall Street,2.0,B092
R00545,Member,2023-03-31 07:58,2023-03-31 08:00,Wall Street,Union Square,2.0,B075
R00546,Casual,2023-03-31 09:59,2023-03-31 10:01,Central Park,Wall Street,2.0,B096
R00547,Member,2023-03-31 21:15,2023-03-31 23:13,Central Park,Central Park,118.0,B092
R00548,Member,2023-04-01 07:01,2023-04-01 07:19,Brooklyn Bridge,Wall Street,18.0,B098
R00549,Member,2023-04-01 10:00,2023-04-01 12:54,Central Park,Central Park,174.0,B043
R00550,Casual,2023-04-01 12:26,2023-04-01 12:30,Union Square,Brooklyn Bridge,4.0,B059
R00551,Member,2023-04-01 12:43,2023-04-01 12:47,Times Square,Times Square,4.0,B042
R00552,Member,2023-04-01 17:03,2023-04-01 17:40,Central Park,Union Square,37.0,B026
R00553,Casual,2023-04-01 19:17,2023-04-01 19:19,Brooklyn Bridge,Union Square,2.0,B009
R00554,Casual,2023-04-01 23:12,2023-04-01 23:13,Times Square,Central Park,1.0,B043
R00555,Casual,2023-04-02 00:46,2023-04-02 00:50,Union Square,Union Square,4.0,B024
R00556,Casual,2023-04-02 01:10,2023-04-02 02:33,Central Park,Central Park,83.0,B083
R00557,Member,2023-04-02 08:27,2023-04-02 08:36,Union Square,Central Park,9.0,B016
R00558,Member,2023-04-02 14:34,2023-04-02 14:35,Brooklyn Bridge,Brooklyn Bridge,1.0,B019
R00559,Member,2023-04-02 18:55,2023-04-02 19:05,Central Park,Wall Street,10.0,B092
R00560,Member,2023-04-03 06:48,2023-04-03 07:08,Wall Street,Brooklyn Bridge,20.0,B094
R00561,Casual,2023-04-03 07:36,2023-04-03 08:04,Central Park,Union Square,28.0,B005
R00562,Member,2023-04-03 12:14,2023-04-03 12:26,Central Park,Times Square,12.0,B047
R00563,Member,2023-04-03 14:42,2023-04-03 15:12,Brooklyn Bridge,Union Square,30.0,B083
R00564,Member,2023-04-03 17:31,2023-04-03 17:49,Central Park,Union Square,18.0,B008
R00565,Casual,2023-04-03 22:26,2023-04-04 00:52,Central Park,Central Park,146.0,B007
R00566,Casual,2023-04-04 05:16,2023-04-04 07:05,Brooklyn Bridge,Brooklyn Bridge,109.0,B020
R00567,Member,2023-04-04 08:00,2023-04-04 08:11,Times Square,Wall Street,11.0,B001
R00568,Member,2023-04-04 08:38,2023-04-04 09:47,Brooklyn Bridge,Union Square,69.0,B031
R00569,Member,2023-04-04 10:47,2023-04-04 10:48,Union Square,Wall Street,1.0,B001
R00570,Member,2023-04-04 17:12,2023-04-04 17:34,Brooklyn Bridge,Central Park,22.0,B040
R00571,Casual,2023-04-04 18:57,2023-04-04 19:25,Central Park,Wall Street,28.0,B024
R00572,Casual,2023-04-04 19:09,2023-04-04 21:21,Central Park,Central Park,132.0,B076
R00573,Casual,2023-04-04 19:20,2023-04-04 19:30,Times Square,Brooklyn Bridge,10.0,B016
R00574,Casual,2023-04-04 21:53,2023-04-04 21:54,Central Park,Times Square,1.0,B032
R00575,Member,2023-04-04 23:59,2023-04-05 00:34,Wall Street,Central Park,35.0,B036
R00576,,2023-04-05 07:46,2023-04-05 09:37,Central Park,Central Park,111.0,B032
R00577,Member,2023-04-05 13:00,2023-04-05 13:18,Brooklyn Bridge,Wall Street,18.0,B003
R00578,Casual,2023-04-05 18:50,2023-04-05 19:06,Union Square,Times Square,16.0,B027
R00579,Casual,2023-04-05 21:03,2023-04-05 22:13,Central Park,Brooklyn Bridge,70.0,B032
R00580,Member,2023-04-05 23:54,2023-04-06 00:30,Times Square,Times Square,36.0,B031
R00581,Casual,2023-04-06 07:09,2023-04-06 07:10,Wall Street,Central Park,1.0,B095
R00582,Casual,2023-04-06 15:05,2023-04-06 15:12,Wall Street,Times Square,7.0,B002
R00583,Casual,2023-04-06 17:35,2023-04-06 19:01,Central Park,Central Park,86.0,B027
R00584,Member,2023-04-06 21:47,2023-04-06 21:51,Brooklyn Bridge,Brooklyn Bridge,4.0,B001
R00585,Member,2023-04-06 23:22,2023-04-07 00:15,Brooklyn Bridge,Wall Street,53.0,B055
R00586,Member,2023-04-07 03:02,2023-04-07 03:12,Central Park,Times Square,10.0,B070
R00587,Member,2023-04-07 04:26,2023-04-07 04:53,Wall Street,Union Square,27.0,B010
R00588,Casual,2023-04-07 04:43,2023-04-07 05:45,Central Park,Central Park,62.0,B049
R00589,Member,2023-04-07 07:50,2023-04-07 07:56,Central Park,Times Square,6.0,B095
R00590,Casual,2023-04-07 07:53,2023-04-07 08:09,Brooklyn Bridge,Times Square,16.0,B003
R00591,Casual,2023-04-07 10:17,2023-04-07 10:21,Union Square,Brooklyn Bridge,4.0,B039
R00592,Casual,2023-04-07 14:15,2023-04-07 14:48,Union Square,Wall Street,33.0,B072
R00593,Casual,2023-04-07 17:06,2023-04-07 17:58,Central Park,Central Park,52.0,B088
R00594,Member,2023-04-07 20:06,2023-04-07 20:10,Brooklyn Bridge,Times Square,4.0,B063
R00595,Casual,2023-04-07 23:02,2023-04-07 23:09,Times Square,Brooklyn Bridge,7.0,B030
R00596,Member,2023-04-08 00:09,2023-04-08 00:12,Union Square,Central Park,3.0,B066
R00597,Member,2023-04-08 02:02,2023-04-08 02:40,Central Park,Times Square,38.0,B048
R00598,Casual,2023-04-08 02:39,2023-04-08 02:54,Brooklyn Bridge,Wall Street,15.0,B054
R00599,Casual,2023-04-08 06:14,2023-04-08 08:00,Central Park,Central Park,106.0,B070
R00600,Member,2023-04-08 23:21,2023-04-08 23:25,Union Square,Central Park,4.0,B057
R00601,Member,2023-04-08 23:44,2023-04-09 00:14,Times Square,Union Square,30.0,B096
R00602,Casual,2023-04-09 07:13,2023-04-09 07:31,Brooklyn Bridge,Wall Street,18.0,B056
R00603,Casual,2023-04-09 07:51,2023-04-09 08:22,Wall Street,Brooklyn Bridge,31.0,B054
R00604,Casual,2023-04-09 08:29,2023-04-09 09:15,Wall Street,Central Park,46.0,B086
R00605,Member,2023-04-09 11:24,2023-04-09 11:40,Brooklyn Bridge,Wall Street,16.0,B053
R00606,,2023-04-09 13:39,2023-04-09 13:46,Wall Street,Central Park,7.0,B042
R00607,Member,2023-04-09 19:04,2023-04-09 19:16,Wall Street,Union Square,12.0,B002
R00608,Member,2023-04-09 19:14,2023-04-09 19:29,Union Square,Wall Street,15.0,B087
R00609,Casual,2023-04-09 22:16,2023-04-09 23:01,Wall Street,Central Park,45.0,B015
R00610,Casual,2023-04-09 22:27,2023-04-10 00:09,Central Park,Central Park,102.0,B003
R00611,Casual,2023-04-10 00:14,2023-04-10 01:47,Central Park,Central Park,93.0,B007
R00612,Casual,2023-04-10 01:51,2023-04-10 02:00,Union Square,Times Square,9.0,B058
R00613,Casual,2023-04-10 03:17,2023-04-10 03:18,Times Square,Wall Street,1.0,B035
R00614,Member,2023-04-10 09:42,2023-04-10 09:43,Times Square,Wall Street,1.0,B053
R00615,,2023-04-10 12:07,2023-04-10 12:48,Brooklyn Bridge,Times Square,41.0,B044
R00616,Casual,2023-04-10 12:22,2023-04-10 12:40,Union Square,Central Park,18.0,B088
R00617,Casual,2023-04-10 15:29,2023-04-10 15:32,Wall Street,Union Square,3.0,B037
R00618,Member,2023-04-11 02:05,2023-04-11 04:30,Central Park,Central Park,145.0,B017
R00619,,2023-04-11 02:22,2023-04-11 02:33,Union Square,Wall Street,11.0,B073
R00620,Member,2023-04-11 04:14,2023-04-11 04:56,Times Square,Union Square,42.0,B002
R00621,Casual,2023-04-11 07:47,2023-04-11 07:54,Wall Street,Central Park,7.0,B040
R00622,Casual,2023-04-11 09:32,2023-04-11 09:35,Wall Street,Times Square,3.0,B039
R00623,Member,2023-04-11 09:42,2023-04-11 09:43,Union Square,Wall Street,1.0,B066
R00624,Member,2023-04-11 12:17,2023-04-11 12:21,Central Park,Brooklyn Bridge,4.0,B095
R00625,Casual,2023-04-11 15:06,2023-04-11 15:43,Times Square,Times Square,37.0,B069
R00626,Member,2023-04-11 15:32,2023-04-11 15:33,Wall Street,Brooklyn Bridge,1.0,B054
R00627,Member,2023-04-11 20:25,2023-04-11 21:01,Central Park,Central Park,36.0,B063
R00628,Member,2023-04-11 20:48,2023-04-11 20:52,Central Park,Central Park,4.0,B038
R00629,Member,2023-04-11 20:57,2023-04-11 20:58,Brooklyn Bridge,Brooklyn Bridge,1.0,B093
R00630,Casual,2023-04-12 08:07,2023-04-12 08:32,Times Square,Central Park,25.0,B017
R00631,Member,2023-04-12 12:41,2023-04-12 13:29,Wall Street,Union Square,48.0,B089
R00632,Member,2023-04-12 21:09,2023-04-12 22:20,Central Park,Central Park,71.0,B078
R00633,Member,2023-04-12 22:26,2023-04-12 22:49,Times Square,Central Park,23.0,B068
R00634,Casual,2023-04-12 23:53,2023-04-13 00:05,Central Park,Union Square,12.0,B026
R00635,Casual,2023-04-13 02:31,2023-04-13 02:37,Times Square,Union Square,6.0,B097
R00636,,2023-04-13 03:50,2023-04-13 03:53,Brooklyn Bridge,Times Square,3.0,B013
R00637,Casual,2023-04-13 06:12,2023-04-13 06:17,Brooklyn Bridge,Brooklyn Bridge,5.0,B012
R00638,Member,2023-04-13 08:41,2023-04-13 08:42,Times Square,Times Square,1.0,B076
R00639,Member,2023-04-13 08:51,2023-04-13 09:56,Times Square,Times Square,65.0,B094
R00640,Casual,2023-04-13 16:13,2023-04-13 16:31,Times Square,Wall Street,18.0,B060
R00641,Casual,2023-04-13 21:25,2023-04-13 23:43,Central Park,Central Park,138.0,B089
R00642,Casual,2023-04-13 23:12,2023-04-13 23:44,Central Park,Union Square,32.0,B073
R00643,Member,2023-04-14 00:08,2023-04-14 00:32,Brooklyn Bridge,Union Square,24.0,B026
R00644,Casual,2023-04-14 03:55,2023-04-14 04:05,Times Square,Times Square,10.0,B093
R00645,Casual,2023-04-14 06:26,2023-04-14 07:30,Wall Street,Central Park,64.0,B075
R00646,Casual,2023-04-14 08:01,2023-04-14 08:23,Times Square,Central Park,22.0,B036
R00647,Member,2023-04-14 08:08,2023-04-14 10:29,Central Park,Central Park,141.0,B092
R00648,Member,2023-04-14 11:26,2023-04-14 11:43,Union Square,Times Square,17.0,B047
R00649,Casual,2023-04-14 17:24,2023-04-14 17:29,Wall Street,Times Square,5.0,B076
R00650,Casual,2023-04-14 18:13,2023-04-14 18:24,Wall Street,Central Park,11.0,B087
R00651,Member,2023-04-14 18:38,2023-04-14 18:40,Times Square,Times Square,2.0,B072
R00652,Casual,2023-04-14 22:02,2023-04-14 22:12,Union Square,Central Park,10.0,B052
R00653,Casual,2023-04-15 01:23,2023-04-15 02:38,Brooklyn Bridge,Wall Street,75.0,B013
R00654,Casual,2023-04-15 03:51,2023-04-15 06:33,Central Park,Central Park,162.0,B030
R00655,Casual,2023-04-16 09:58,2023-04-16 10:15,Times Square,Brooklyn Bridge,17.0,B053
R00656,Member,2023-04-16 13:04,2023-04-16 14:55,Central Park,Central Park,111.0,B040
R00657,Casual,2023-04-16 19:14,2023-04-16 19:29,Brooklyn Bridge,Brooklyn Bridge,15.0,B008
R00658,Member,2023-04-16 20:21,2023-04-16 21:06,Union Square,Brooklyn Bridge,45.0,B019
R00659,Member,2023-04-16 21:20,2023-04-16 21:26,Times Square,Union Square,6.0,B012
R00660,Member,2023-04-17 03:21,2023-04-17 03:58,Union Square,Brooklyn Bridge,37.0,B038
R00661,Casual,2023-04-17 12:31,2023-04-17 13:30,Central Park,Central Park,59.0,B100
R00662,Casual,2023-04-17 17:35,2023-04-17 17:57,Central Park,Brooklyn Bridge,22.0,B030
R00663,Member,2023-04-17 22:02,2023-04-17 22:08,Union Square,Wall Street,6.0,B088
R00664,Casual,2023-04-18 00:56,2023-04-18 01:18,Wall Street,Union Square,22.0,B072
R00665,Member,2023-04-18 01:32,2023-04-18 01:36,Central Park,Brooklyn Bridge,4.0,B015
R00666,Member,2023-04-18 01:58,2023-04-18 02:10,Union Square,Wall Street,12.0,B015
R00667,,2023-04-18 09:15,2023-04-18 12:00,Central Park,Central Park,165.0,B008
R00668,Casual,2023-04-18 11:19,2023-04-18 12:03,Times Square,Union Square,44.0,B092
R00669,Casual,2023-04-18 11:38,2023-04-18 11:41,Times Square,Brooklyn Bridge,3.0,B054
R00670,Member,2023-04-18 11:50,2023-04-18 11:56,Union Square,Wall Street,6.0,B019
R00671,Casual,2023-04-18 16:03,2023-04-18 16:13,Central Park,Times Square,10.0,B034
R00672,Casual,2023-04-18 18:38,2023-04-18 18:58,Central Park,Times Square,20.0,B030
R00673,Casual,2023-04-18 18:53,2023-04-18 19:24,Brooklyn Bridge,Times Square,31.0,B019
R00674,Member,2023-04-19 00:09,2023-04-19 00:15,Times Square,Wall Street,6.0,B086
R00675,Casual,2023-04-19 11:06,2023-04-19 11:07,Brooklyn Bridge,Wall Street,1.0,B034
R00676,Casual,2023-04-19 14:19,2023-04-19 14:30,Wall Street,Brooklyn Bridge,11.0,B001
R00677,Casual,2023-04-19 19:08,2023-04-19 19:40,Times Square,Times Square,32.0,B091
R00678,Member,2023-04-19 20:12,2023-04-19 22:16,Central Park,Central Park,124.0,B095
R00679,Casual,2023-04-20 04:57,2023-04-20 04:58,Union Square,Times Square,1.0,B089
R00680,Member,2023-04-20 07:55,2023-04-20 08:07,Union Square,Wall Street,12.0,B089
R00681,Member,2023-04-20 15:33,2023-04-20 17:20,Central Park,Central Park,107.0,B025
R00682,Casual,2023-04-21 01:29,2023-04-21 01:49,Times Square,Times Square,20.0,B010
R00683,Casual,2023-04-21 04:46,2023-04-21 04:49,Union Square,Central Park,3.0,B005
R00684,Member,2023-04-21 09:18,2023-04-21 10:58,Central Park,Central Park,100.0,B094
R00685,Casual,2023-04-21 18:08,2023-04-21 18:23,Central Park,Central Park,15.0,B072
R00686,Casual,2023-04-22 07:35,2023-04-22 07:36,Wall Street,Brooklyn Bridge,1.0,B014
R00687,Casual,2023-04-22 09:00,2023-04-22 11:01,Central Park,Central Park,121.0,B033
R00688,Member,2023-04-22 14:24,2023-04-22 14:55,Union Square,Central Park,31.0,B058
R00689,Casual,2023-04-22 14:44,2023-04-22 15:42,Central Park,Central Park,58.0,B067
R00690,Casual,2023-04-22 18:35,2023-04-22 18:55,Union Square,Union Square,20.0,B001
R00691,Casual,2023-04-22 22:44,2023-04-22 22:47,Brooklyn Bridge,Union Square,3.0,B006
R00692,Member,2023-04-22 23:11,2023-04-22 23:33,Central Park,Union Square,22.0,B087
R00693,Casual,2023-04-22 23:58,2023-04-23 00:14,Union Square,Times Square,16.0,B043
R00694,Member,2023-04-23 01:01,2023-04-23 01:11,Brooklyn Bridge,Central Park,10.0,B001
R00695,Member,2023-04-23 04:42,2023-04-23 05:04,Union Square,Central Park,22.0,B079
R00696,Casual,2023-04-23 06:26,2023-04-23 06:32,Central Park,Union Square,6.0,B045
R00697,Casual,2023-04-23 11:26,2023-04-23 12:19,Wall Street,Central Park,53.0,B001
R00698,Member,2023-04-23 12:49,2023-04-23 13:02,Times Square,Times Square,13.0,B075
R00699,Casual,2023-04-23 17:29,2023-04-23 17:45,Wall Street,Central Park,16.0,B008
R00700,Member,2023-04-23 20:09,2023-04-23 22:55,Central Park,Central Park,166.0,B091
R00701,Casual,2023-04-23 23:20,2023-04-23 23:26,Central Park,Wall Street,6.0,B047
R00702,Casual,2023-04-23 23:32,2023-04-23 23:37,Union Square,Wall Street,5.0,B045
R00703,Member,2023-04-24 12:10,2023-04-24 12:51,Wall Street,Central Park,41.0,B021
R00704,Casual,2023-04-24 14:56,2023-04-24 15:16,Times Square,Times Square,20.0,B053
R00705,Member,2023-04-24 15:28,2023-04-24 17:18,Central Park,Central Park,110.0,B066
R00706,Casual,2023-04-24 16:19,2023-04-24 16:28,Central Park,Wall Street,9.0,B097
R00707,Casual,2023-04-24 21:28,2023-04-24 21:29,Times Square,Union Square,1.0,B042
R00708,Casual,2023-04-24 21:51,2023-04-24 21:56,Brooklyn Bridge,Wall Street,5.0,B032
R00709,Member,2023-04-25 00:05,2023-04-25 00:27,Times Square,Times Square,22.0,B098
R00710,Casual,2023-04-25 00:31,2023-04-25 02:28,Central Park,Central Park,117.0,B039
R00711,Member,2023-04-25 01:16,2023-04-25 02:20,Brooklyn Bridge,Union Square,64.0,B034
R00712,Casual,2023-04-25 03:42,2023-04-25 04:34,Brooklyn Bridge,Union Square,52.0,B075
R00713,Member,2023-04-25 06:15,2023-04-25 06:38,Central Park,Wall Street,23.0,B004
R00714,Member,2023-04-25 07:14,2023-04-25 07:24,Central Park,Brooklyn Bridge,10.0,B009
R00715,Member,2023-04-25 22:17,2023-04-25 23:20,Central Park,Central Park,63.0,B067
R00716,Casual,2023-04-25 23:05,2023-04-25 23:10,Brooklyn Bridge,Union Square,5.0,B040
R00717,Member,2023-04-26 07:21,2023-04-26 07:37,Wall Street,Brooklyn Bridge,16.0,B077
R00718,Casual,2023-04-26 22:09,2023-04-26 22:45,Central Park,Central Park,36.0,B005
R00719,Member,2023-04-26 22:39,2023-04-26 22:45,Times Square,Central Park,6.0,B031
R00720,Casual,2023-04-26 22:44,2023-04-26 22:45,Brooklyn Bridge,Central Park,1.0,B057
R00721,Casual,2023-04-26 23:20,2023-04-27 00:40,Central Park,Central Park,80.0,B005
R00722,,2023-04-27 03:18,2023-04-27 03:29,Wall Street,Central Park,11.0,B055
R00723,Casual,2023-04-27 03:21,2023-04-27 05:28,Central Park,Central Park,127.0,B037
R00724,Member,2023-04-27 04:48,2023-04-27 04:58,Brooklyn Bridge,Wall Street,10.0,B033
R00725,Casual,2023-04-27 11:53,2023-04-27 11:55,Times Square,Union Square,2.0,B038
R00726,Casual,2023-04-27 18:39,2023-04-27 18:51,Times Square,Wall Street,12.0,B027
R00727,Member,2023-04-27 21:58,2023-04-27 22:03,Wall Street,Brooklyn Bridge,5.0,B004
R00728,Casual,2023-04-28 02:59,2023-04-28 05:25,Central Park,Central Park,146.0,B017
R00729,Casual,2023-04-28 04:30,2023-04-28 04:38,Union Square,Central Park,8.0,B067
R00730,Member,2023-04-28 14:11,2023-04-28 14:17,Union Square,Brooklyn Bridge,6.0,B052
R00731,Member,2023-04-28 17:46,2023-04-28 17:50,Union Square,Brooklyn Bridge,4.0,B047
R00732,Casual,2023-04-28 18:26,2023-04-28 19:14,Times Square,Brooklyn Bridge,48.0,B047
R00733,Member,2023-04-28 19:04,2023-04-28 19:09,Times Square,Wall Street,5.0,B083
R00734,Member,2023-04-28 19:27,2023-04-28 19:28,Brooklyn Bridge,Brooklyn Bridge,1.0,B076
R00735,Casual,2023-04-29 13:32,2023-04-29 14:39,Brooklyn Bridge,Wall Street,67.0,B098
R00736,,2023-04-29 14:38,2023-04-29 15:42,Central Park,Central Park,64.0,B097
R00737,Casual,2023-04-29 20:03,2023-04-29 20:21,Union Square,Wall Street,18.0,B095
R00738,Member,2023-04-30 00:16,2023-04-30 00:21,Central Park,Union Square,5.0,B096
R00739,Casual,2023-04-30 09:15,2023-04-30 09:24,Union Square,Central Park,9.0,B077
R00740,Casual,2023-04-30 11:55,2023-04-30 12:12,Wall Street,Times Square,17.0,B061
R00741,Member,2023-04-30 14:41,2023-04-30 16:00,Central Park,Central Park,79.0,B078
R00742,Member,2023-04-30 18:27,2023-04-30 18:54,Union Square,Brooklyn Bridge,27.0,B090
R00743,Casual,2023-04-30 22:10,2023-04-30 22:13,Brooklyn Bridge,Central Park,3.0,B059
R00744,Casual,2023-05-01 00:48,2023-05-01 01:03,Brooklyn Bridge,Central Park,15.0,B069
R00745,Casual,2023-05-01 10:37,2023-05-01 11:16,Brooklyn Bridge,Times Square,39.0,B014
R00746,Casual,2023-05-01 14:09,2023-05-01 15:21,Central Park,Central Park,72.0,B011
R00747,Member,2023-05-01 14:37,2023-05-01 14:44,Brooklyn Bridge,Times Square,7.0,B054
R00748,,2023-05-02 06:27,2023-05-02 06:31,Times Square,Union Square,4.0,B099
R00749,Casual,2023-05-02 09:46,2023-05-02 09:48,Wall Street,Union Square,2.0,B073
R00750,Casual,2023-05-02 19:31,2023-05-02 21:58,Central Park,Central Park,147.0,B056
R00751,Casual,2023-05-03 01:29,2023-05-03 01:38,Wall Street,Central Park,9.0,B013
R00752,Casual,2023-05-03 06:45,2023-05-03 06:53,Central Park,Brooklyn Bridge,8.0,B062
R00753,Casual,2023-05-03 07:28,2023-05-03 07:30,Union Square,Union Square,2.0,B014
R00754,Casual,2023-05-03 08:26,2023-05-03 08:27,Wall Street,Central Park,1.0,B043
R00755,Member,2023-05-03 09:28,2023-05-03 09:39,Times Square,Times Square,11.0,B055
R00756,Casual,2023-05-03 12:54,2023-05-03 13:14,Brooklyn Bridge,Wall Street,20.0,B009
R00757,Casual,2023-05-03 14:14,2023-05-03 15:48,Central Park,Central Park,94.0,B091
R00758,Member,2023-05-04 01:25,2023-05-04 03:38,Central Park,Central Park,133.0,B057
R00759,Member,2023-05-04 14:37,2023-05-04 14:43,Brooklyn Bridge,Union Square,6.0,B018
R00760,Member,2023-05-05 00:19,2023-05-05 02:44,Central Park,Central Park,145.0,B100
R00761,Casual,2023-05-05 00:51,2023-05-05 01:30,Brooklyn Bridge,Central Park,39.0,B051
R00762,Member,2023-05-05 02:05,2023-05-05 02:22,Brooklyn Bridge,Union Square,17.0,B058
R00763,Member,2023-05-05 03:19,2023-05-05 03:49,Times Square,Union Square,30.0,B037
R00764,Member,2023-05-05 15:33,2023-05-05 15:40,Wall Street,Central Park,7.0,B020
R00765,Member,2023-05-05 17:26,2023-05-05 17:35,Central Park,Wall Street,9.0,B055
R00766,Member,2023-05-05 18:38,2023-05-05 20:39,Times Square,Brooklyn Bridge,121.0,B011
R00767,Casual,2023-05-06 01:43,2023-05-06 01:45,Wall Street,Wall Street,2.0,B040
R00768,Member,2023-05-06 10:36,2023-05-06 10:37,Wall Street,Brooklyn Bridge,1.0,B044
R00769,Casual,2023-05-06 11:55,2023-05-06 12:06,Brooklyn Bridge,Brooklyn Bridge,11.0,B059
R00770,Member,2023-05-06 15:58,2023-05-06 18:31,Wall Street,Brooklyn Bridge,153.0,B054
R00771,Member,2023-05-06 19:27,2023-05-06 19:56,Central Park,Central Park,29.0,B003
R00772,Member,2023-05-06 22:49,2023-05-07 00:42,Central Park,Central Park,113.0,B057
R00773,Casual,2023-05-06 23:52,2023-05-07 00:00,Wall Street,Union Square,8.0,B049
R00774,Member,2023-05-07 08:24,2023-05-07 08:45,Wall Street,Union Square,21.0,B010
R00775,Member,2023-05-07 11:04,2023-05-07 12:54,Central Park,Central Park,110.0,B075
R00776,Casual,2023-05-07 11:08,2023-05-07 11:18,Union Square,Times Square,10.0,B053
R00777,Casual,2023-05-07 15:35,2023-05-07 15:53,Central Park,Brooklyn Bridge,18.0,B036
R00778,Casual,2023-05-07 16:15,2023-05-07 16:38,Times Square,Union Square,23.0,B016
R00779,Casual,2023-05-07 20:46,2023-05-07 20:53,Union Square,Brooklyn Bridge,7.0,B084
R00780,Casual,2023-05-07 22:15,2023-05-07 22:20,Central Park,Wall Street,5.0,B035
R00781,Casual,2023-05-08 06:09,2023-05-08 08:45,Central Park,Central Park,156.0,B068
R00782,Member,2023-05-08 07:18,2023-05-08 07:19,Union Square,Times Square,1.0,B062
R00783,Casual,2023-05-08 13:38,2023-05-08 13:57,Union Square,Central Park,19.0,B013
R00784,Casual,2023-05-08 16:42,2023-05-08 16:54,Union Square,Union Square,12.0,B004
R00785,Member,2023-05-08 18:20,2023-05-08 18:22,Wall Street,Central Park,2.0,B078
R00786,Member,2023-05-09 07:58,2023-05-09 10:09,Central Park,Central Park,131.0,B049
R00787,Member,2023-05-09 15:11,2023-05-09 15:27,Times Square,Central Park,16.0,B099
R00788,Casual,2023-05-09 17:11,2023-05-09 17:12,Union Square,Brooklyn Bridge,1.0,B045
R00789,Member,2023-05-09 19:12,2023-05-09 19:51,Times Square,Central Park,39.0,B062
R00790,Member,2023-05-09 20:51,2023-05-09 21:52,Central Park,Times Square,61.0,B046
R00791,Member,2023-05-09 22:02,2023-05-09 22:12,Union Square,Central Park,10.0,B001
R00792,Member,2023-05-10 01:59,2023-05-10 02:20,Brooklyn Bridge,Times Square,21.0,B088
R00793,Member,2023-05-10 03:49,2023-05-10 04:32,Central Park,Wall Street,43.0,B022
R00794,Casual,2023-05-10 06:17,2023-05-10 06:30,Times Square,Central Park,13.0,B043
R00795,Casual,2023-05-10 11:09,2023-05-10 11:23,Central Park,Union Square,14.0,B002
R00796,Casual,2023-05-10 12:25,2023-05-10 12:26,Times Square,Times Square,1.0,B023
R00797,Member,2023-05-10 14:07,2023-05-10 14:53,Wall Street,Wall Street,46.0,B013
R00798,Member,2023-05-10 16:23,2023-05-10 16:25,Times Square,Times Square,2.0,B098
R00799,Casual,2023-05-10 17:39,2023-05-10 18:43,Central Park,Central Park,64.0,B050
R00800,Member,2023-05-10 19:27,2023-05-10 19:38,Wall Street,Brooklyn Bridge,11.0,B008
R00801,Member,2023-05-10 20:43,2023-05-10 20:54,Wall Street,Times Square,11.0,B056
R00802,Member,2023-05-10 21:40,2023-05-10 22:01,Wall Street,Union Square,21.0,B096
R00803,Casual,2023-05-11 01:35,2023-05-11 03:02,Central Park,Central Park,87.0,B063
R00804,Casual,2023-05-11 04:42,2023-05-11 04:50,Wall Street,Central Park,8.0,B004
R00805,Member,2023-05-11 04:56,2023-05-11 06:04,Wall Street,Times Square,68.0,B064
R00806,,2023-05-11 09:18,2023-05-11 09:50,Wall Street,Brooklyn Bridge,32.0,B071
R00807,Member,2023-05-11 09:20,2023-05-11 09:29,Times Square,Central Park,9.0,B055
R00808,Member,2023-05-11 11:27,2023-05-11 11:41,Brooklyn Bridge,Wall Street,14.0,B090
R00809,Casual,2023-05-11 11:52,2023-05-11 12:40,Union Square,Times Square,48.0,B020
R00810,Casual,2023-05-11 19:23,2023-05-11 19:33,Central Park,Wall Street,10.0,B075
R00811,Casual,2023-05-11 20:25,2023-05-11 21:08,Brooklyn Bridge,Brooklyn Bridge,43.0,B086
R00812,,2023-05-12 03:16,2023-05-12 03:42,Brooklyn Bridge,Times Square,26.0,B022
R00813,Casual,2023-05-12 07:34,2023-05-12 07:44,Union Square,Union Square,10.0,B089
R00814,Casual,2023-05-12 21:49,2023-05-12 21:51,Times Square,Union Square,2.0,B075
R00815,Member,2023-05-12 23:23,2023-05-12 23:45,Union Square,Times Square,22.0,B031
R00816,Member,2023-05-13 05:48,2023-05-13 05:49,Wall Street,Wall Street,1.0,B091
R00817,Casual,2023-05-13 16:47,2023-05-13 17:00,Brooklyn Bridge,Brooklyn Bridge,13.0,B014
R00818,Casual,2023-05-14 07:12,2023-05-14 08:17,Times Square,Times Square,65.0,B076
R00819,Casual,2023-05-14 08:05,2023-05-14 08:24,Central Park,Union Square,19.0,B076
R00820,Casual,2023-05-14 10:24,2023-05-14 10:32,Wall Street,Wall Street,8.0,B097
R00821,,2023-05-14 12:52,2023-05-14 12:54,Brooklyn Bridge,Union Square,2.0,B068
R00822,Casual,2023-05-14 20:57,2023-05-14 20:58,Central Park,Times Square,1.0,B039
R00823,Casual,2023-05-14 21:48,2023-05-14 22:01,Times Square,Central Park,13.0,B066
R00824,Member,2023-05-14 23:26,2023-05-14 23:54,Union Square,Central Park,28.0,B092
R00825,Casual,2023-05-15 14:22,2023-05-15 14:26,Times Square,Brooklyn Bridge,4.0,B020
R00826,,2023-05-15 14:43,2023-05-15 15:52,Central Park,Wall Street,69.0,B055
R00827,Member,2023-05-15 15:49,2023-05-15 15:59,Wall Street,Central Park,10.0,B001
R00828,,2023-05-15 18:27,2023-05-15 18:35,Union Square,Brooklyn Bridge,8.0,B005
R00829,Casual,2023-05-15 21:09,2023-05-15 21:30,Wall Street,Wall Street,21.0,B084
R00830,Member,2023-05-16 17:56,2023-05-16 18:11,Union Square,Brooklyn Bridge,15.0,B083
R00831,Casual,2023-05-16 18:44,2023-05-16 19:13,Union Square,Wall Street,29.0,B019
R00832,Member,2023-05-16 19:02,2023-05-16 19:54,Brooklyn Bridge,Wall Street,52.0,B005
R00833,Member,2023-05-16 21:05,2023-05-16 21:14,Central Park,Wall Street,9.0,B079
R00834,Member,2023-05-16 22:15,2023-05-16 22:31,Central Park,Wall Street,16.0,B078
R00835,Member,2023-05-16 23:14,2023-05-16 23:40,Central Park,Brooklyn Bridge,26.0,B066
R00836,Member,2023-05-17 01:43,2023-05-17 01:59,Union Square,Times Square,16.0,B013
R00837,Casual,2023-05-17 02:10,2023-05-17 02:27,Wall Street,Times Square,17.0,B053
R00838,Casual,2023-05-17 03:34,2023-05-17 04:09,Central Park,Brooklyn Bridge,35.0,B087
R00839,Casual,2023-05-17 12:18,2023-05-17 12:21,Wall Street,Times Square,3.0,B099
R00840,Member,2023-05-17 14:15,2023-05-17 14:39,Brooklyn Bridge,Central Park,24.0,B034
R00841,Casual,2023-05-17 14:32,2023-05-17 14:43,Times Square,Times Square,11.0,B074
R00842,Casual,2023-05-17 17:55,2023-05-17 18:25,Union Square,Brooklyn Bridge,30.0,B058
R00843,Member,2023-05-17 21:50,2023-05-17 22:16,Central Park,Times Square,26.0,B023
R00844,Casual,2023-05-18 10:52,2023-05-18 11:19,Union Square,Wall Street,27.0,B002
R00845,Casual,2023-05-19 03:50,2023-05-19 04:20,Times Square,Wall Street,30.0,B082
R00846,Casual,2023-05-19 04:24,2023-05-19 05:14,Union Square,Union Square,50.0,B006
R00847,Member,2023-05-19 18:16,2023-05-19 18:40,Times Square,Central Park,24.0,B005
R00848,Casual,2023-05-19 23:50,2023-05-20 00:01,Wall Street,Union Square,11.0,B019
R00849,Casual,2023-05-20 04:41,2023-05-20 04:43,Wall Street,Central Park,2.0,B099
R00850,Member,2023-05-20 21:03,2023-05-20 21:53,Wall Street,Central Park,50.0,B087
R00851,Casual,2023-05-21 01:44,2023-05-21 02:12,Times Square,Times Square,28.0,B003
R00852,Member,2023-05-21 03:30,2023-05-21 03:55,Central Park,Central Park,25.0,B038
R00853,Member,2023-05-21 04:10,2023-05-21 04:55,Brooklyn Bridge,Central Park,45.0,B053
R00854,Casual,2023-05-21 08:15,2023-05-21 08:17,Wall Street,Brooklyn Bridge,2.0,B045
R00855,Casual,2023-05-21 09:07,2023-05-21 09:36,Wall Street,Central Park,29.0,B043
R00856,Member,2023-05-21 11:30,2023-05-21 11:39,Brooklyn Bridge,Times Square,9.0,B035
R00857,Member,2023-05-21 11:36,2023-05-21 11:41,Central Park,Wall Street,5.0,B071
R00858,Casual,2023-05-21 12:16,2023-05-21 12:50,Times Square,Brooklyn Bridge,34.0,B060
R00859,Casual,2023-05-21 12:59,2023-05-21 13:28,Wall Street,Wall Street,29.0,B053
R00860,Member,2023-05-21 20:07,2023-05-21 20:34,Wall Street,Times Square,27.0,B086
R00861,Member,2023-05-21 22:50,2023-05-21 22:54,Times Square,Brooklyn Bridge,4.0,B049
R00862,Casual,2023-05-21 22:57,2023-05-21 23:04,Brooklyn Bridge,Central Park,7.0,B027
R00863,Casual,2023-05-22 00:34,2023-05-22 00:39,Union Square,Times Square,5.0,B084
R00864,Casual,2023-05-22 04:33,2023-05-22 04:45,Times Square,Times Square,12.0,B092
R00865,,2023-05-22 11:29,2023-05-22 11:36,Union Square,Wall Street,7.0,B033
R00866,Member,2023-05-22 20:47,2023-05-22 21:08,Union Square,Wall Street,21.0,B066
R00867,Member,2023-05-22 22:47,2023-05-22 22:48,Union Square,Central Park,1.0,B023
R00868,Casual,2023-05-23 01:41,2023-05-23 01:44,Central Park,Times Square,3.0,B061
R00869,Casual,2023-05-23 08:44,2023-05-23 09:06,Union Square,Central Park,22.0,B023
R00870,Member,2023-05-23 08:51,2023-05-23 09:05,Brooklyn Bridge,Wall Street,14.0,B030
R00871,Casual,2023-05-23 09:14,2023-05-23 09:15,Brooklyn Bridge,Central Park,1.0,B032
R00872,Casual,2023-05-23 09:40,2023-05-23 09:41,Union Square,Central Park,1.0,B064
R00873,Member,2023-05-23 09:55,2023-05-23 10:42,Wall Street,Times Square,47.0,B015
R00874,Casual,2023-05-23 10:56,2023-05-23 11:04,Central Park,Times Square,8.0,B053
R00875,Member,2023-05-23 13:51,2023-05-23 14:17,Central Park,Brooklyn Bridge,26.0,B088
R00876,Casual,2023-05-23 20:18,2023-05-23 20:27,Central Park,Central Park,9.0,B049
R00877,Casual,2023-05-23 23:39,2023-05-24 00:21,Wall Street,Wall Street,42.0,B014
R00878,Member,2023-05-24 03:44,2023-05-24 03:48,Brooklyn Bridge,Union Square,4.0,B031
R00879,Casual,2023-05-24 05:59,2023-05-24 06:02,Union Square,Brooklyn Bridge,3.0,B056
R00880,Member,2023-05-24 13:38,2023-05-24 13:56,Wall Street,Times Square,18.0,B049
R00881,Member,2023-05-24 15:50,2023-05-24 16:11,Wall Street,Wall Street,21.0,B059
R00882,Casual,2023-05-24 21:27,2023-05-24 21:50,Central Park,Brooklyn Bridge,23.0,B086
R00883,Casual,2023-05-24 22:56,2023-05-24 23:45,Union Square,Wall Street,49.0,B024
R00884,Casual,2023-05-25 00:54,2023-05-25 02:16,Union Square,Central Park,82.0,B055
R00885,Member,2023-05-25 01:34,2023-05-25 01:55,Central Park,Wall Street,21.0,B056
R00886,Casual,2023-05-25 02:30,2023-05-25 02:45,Wall Street,Wall Street,15.0,B042
R00887,Casual,2023-05-25 08:29,2023-05-25 09:46,Brooklyn Bridge,Times Square,77.0,B053
R00888,Member,2023-05-25 21:33,2023-05-25 21:55,Central Park,Brooklyn Bridge,22.0,B068
R00889,Casual,2023-05-26 02:42,2023-05-26 02:51,Times Square,Times Square,9.0,B049
R00890,Casual,2023-05-26 05:31,2023-05-26 05:35,Union Square,Wall Street,4.0,B023
R00891,Member,2023-05-26 08:07,2023-05-26 08:26,Central Park,Brooklyn Bridge,19.0,B058
R00892,Member,2023-05-26 11:33,2023-05-26 11:43,Wall Street,Wall Street,10.0,B062
R00893,,2023-05-26 13:17,2023-05-26 13:30,Times Square,Brooklyn Bridge,13.0,B041
R00894,Casual,2023-05-26 13:34,2023-05-26 13:43,Wall Street,Central Park,9.0,B013
R00895,Casual,2023-05-26 14:48,2023-05-26 14:57,Union Square,Central Park,9.0,B086
R00896,Member,2023-05-26 16:51,2023-05-26 17:01,Brooklyn Bridge,Times Square,10.0,B062
R00897,Casual,2023-05-26 17:04,2023-05-26 17:34,Wall Street,Union Square,30.0,B043
R00898,Casual,2023-05-26 18:21,2023-05-26 18:29,Central Park,Times Square,8.0,B003
R00899,Casual,2023-05-26 22:05,2023-05-26 22:27,Central Park,Central Park,22.0,B046
R00900,,2023-05-27 04:02,2023-05-27 04:09,Union Square,Wall Street,7.0,B038
R00901,Casual,2023-05-27 05:02,2023-05-27 05:13,Brooklyn Bridge,Brooklyn Bridge,11.0,B031
R00902,Member,2023-05-27 15:38,2023-05-27 15:39,Central Park,Times Square,1.0,B068
R00903,Member,2023-05-27 16:45,2023-05-27 16:48,Brooklyn Bridge,Wall Street,3.0,B030
R00904,Member,2023-05-27 19:31,2023-05-27 19:33,Central Park,Central Park,2.0,B040
R00905,Member,2023-05-27 22:18,2023-05-27 22:36,Times Square,Central Park,18.0,B001
R00906,Casual,2023-05-28 10:41,2023-05-28 11:15,Times Square,Wall Street,34.0,B020
R00907,Casual,2023-05-28 15:06,2023-05-28 15:33,Times Square,Union Square,27.0,B090
R00908,Casual,2023-05-28 20:17,2023-05-28 20:29,Central Park,Wall Street,12.0,B044
R00909,Member,2023-05-28 23:55,2023-05-29 00:12,Wall Street,Central Park,17.0,B077
R00910,Casual,2023-05-29 00:20,2023-05-29 00:57,Times Square,Wall Street,37.0,B100
R00911,Member,2023-05-29 05:00,2023-05-29 05:15,Wall Street,Union Square,15.0,B046
R00912,,2023-05-29 11:54,2023-05-29 11:59,Times Square,Brooklyn Bridge,5.0,B015
R00913,Member,2023-05-29 18:53,2023-05-29 19:09,Wall Street,Brooklyn Bridge,16.0,B035
R00914,Casual,2023-05-29 19:48,2023-05-29 20:22,Brooklyn Bridge,Brooklyn Bridge,34.0,B097
R00915,Casual,2023-05-29 19:54,2023-05-29 19:57,Wall Street,Union Square,3.0,B052
R00916,Casual,2023-05-29 21:10,2023-05-29 21:25,Brooklyn Bridge,Central Park,15.0,B056
R00917,Casual,2023-05-29 23:21,2023-05-29 23:40,Central Park,Brooklyn Bridge,19.0,B028
R00918,Member,2023-05-30 05:07,2023-05-30 05:23,Central Park,Times Square,16.0,B010
R00919,Member,2023-05-30 07:20,2023-05-30 07:39,Wall Street,Central Park,19.0,B029
R00920,Casual,2023-05-30 10:57,2023-05-30 10:58,Wall Street,Brooklyn Bridge,1.0,B054
R00921,Member,2023-05-30 15:54,2023-05-30 16:00,Times Square,Union Square,6.0,B003
R00922,Casual,2023-05-30 18:00,2023-05-30 18:20,Wall Street,Central Park,20.0,B015
R00923,Casual,2023-05-30 21:05,2023-05-30 21:18,Wall Street,Times Square,13.0,B014
R00924,Member,2023-05-30 21:49,2023-05-30 22:11,Brooklyn Bridge,Union Square,22.0,B020
R00925,Casual,2023-05-31 04:29,2023-05-31 04:44,Union Square,Brooklyn Bridge,15.0,B004
R00926,Casual,2023-05-31 06:44,2023-05-31 06:59,Brooklyn Bridge,Wall Street,15.0,B013
R00927,Casual,2023-05-31 06:56,2023-05-31 07:02,Times Square,Central Park,6.0,B093
R00928,Member,2023-05-31 08:39,2023-05-31 08:41,Wall Street,Brooklyn Bridge,2.0,B097
R00929,Member,2023-05-31 13:05,2023-05-31 13:12,Wall Street,Central Park,7.0,B079
R00930,Member,2023-05-31 14:30,2023-05-31 14:35,Times Square,Union Square,5.0,B093
R00931,Casual,2023-05-31 15:06,2023-05-31 15:09,Central Park,Brooklyn Bridge,3.0,B085
R00932,Member,2023-05-31 17:44,2023-05-31 17:52,Brooklyn Bridge,Union Square,8.0,B091
R00933,Casual,2023-05-31 23:53,2023-05-31 23:57,Wall Street,Wall Street,4.0,B092
R00934,Member,2023-06-01 11:41,2023-06-01 11:47,Wall Street,Times Square,6.0,B055
R00935,Member,2023-06-01 16:04,2023-06-01 16:18,Union Square,Wall Street,14.0,B011
R00936,Casual,2023-06-01 18:36,2023-06-01 19:02,Wall Street,Brooklyn Bridge,26.0,B017
R00937,Member,2023-06-01 21:41,2023-06-01 22:28,Wall Street,Union Square,47.0,B083
R00938,Casual,2023-06-02 01:11,2023-06-02 01:12,Central Park,Brooklyn Bridge,1.0,B011
R00939,Member,2023-06-02 02:46,2023-06-02 02:54,Wall Street,Wall Street,8.0,B024
R00940,Casual,2023-06-02 03:57,2023-06-02 04:11,Central Park,Wall Street,14.0,B028
R00941,Casual,2023-06-02 08:00,2023-06-02 08:08,Times Square,Times Square,8.0,B023
R00942,,2023-06-02 11:01,2023-06-02 11:15,Wall Street,Brooklyn Bridge,14.0,B038
R00943,Casual,2023-06-02 12:17,2023-06-02 12:31,Brooklyn Bridge,Union Square,14.0,B066
R00944,Casual,2023-06-02 12:48,2023-06-02 13:27,Times Square,Union Square,39.0,B089
R00945,Casual,2023-06-02 13:06,2023-06-02 13:08,Wall Street,Wall Street,2.0,B100
R00946,Casual,2023-06-02 13:10,2023-06-02 14:09,Brooklyn Bridge,Union Square,59.0,B027
R00947,Member,2023-06-02 15:00,2023-06-02 15:48,Central Park,Central Park,48.0,B088
R00948,Casual,2023-06-02 18:34,2023-06-02 18:48,Brooklyn Bridge,Union Square,14.0,B022
R00949,Casual,2023-06-02 23:12,2023-06-02 23:13,Central Park,Wall Street,1.0,B045
R00950,Member,2023-06-03 01:53,2023-06-03 02:22,Times Square,Union Square,29.0,B012
R00951,Member,2023-06-03 05:45,2023-06-03 05:53,Times Square,Brooklyn Bridge,8.0,B037
R00952,Member,2023-06-03 13:47,2023-06-03 14:09,Wall Street,Central Park,22.0,B023
R00953,Member,2023-06-03 13:53,2023-06-03 14:44,Times Square,Union Square,51.0,B051
R00954,Member,2023-06-04 00:20,2023-06-04 00:30,Union Square,Times Square,10.0,B036
R00955,Member,2023-06-04 01:30,2023-06-04 02:02,Union Square,Brooklyn Bridge,32.0,B015
R00956,Casual,2023-06-04 05:25,2023-06-04 05:30,Times Square,Central Park,5.0,B011
R00957,Casual,2023-06-05 10:38,2023-06-05 10:42,Union Square,Times Square,4.0,B015
R00958,Casual,2023-06-05 14:29,2023-06-05 14:57,Wall Street,Wall Street,28.0,B096
R00959,Member,2023-06-05 15:36,2023-06-05 15:46,Central Park,Union Square,10.0,B037
R00960,Casual,2023-06-05 19:38,2023-06-05 19:51,Union Square,Brooklyn Bridge,13.0,B018
R00961,Casual,2023-06-05 23:25,2023-06-05 23:35,Brooklyn Bridge,Union Square,10.0,B037
R00962,Member,2023-06-06 12:45,2023-06-06 12:46,Union Square,Times Square,1.0,B069
R00963,Member,2023-06-06 14:37,2023-06-06 14:38,Central Park,Wall Street,1.0,B019
R00964,Member,2023-06-06 17:33,2023-06-06 17:43,Central Park,Union Square,10.0,B093
R00965,Casual,2023-06-07 03:02,2023-06-07 03:25,Union Square,Central Park,23.0,B049
R00966,Casual,2023-06-07 03:20,2023-06-07 03:29,Central Park,Central Park,9.0,B074
R00967,Member,2023-06-07 04:08,2023-06-07 05:04,Brooklyn Bridge,Times Square,56.0,B091
R00968,Casual,2023-06-07 05:01,2023-06-07 05:05,Brooklyn Bridge,Central Park,4.0,B076
R00969,,2023-06-07 11:03,2023-06-07 11:21,Central Park,Wall Street,18.0,B051
R00970,Casual,2023-06-07 12:17,2023-06-07 12:20,Wall Street,Wall Street,3.0,B084
R00971,Casual,2023-06-07 21:08,2023-06-07 21:11,Brooklyn Bridge,Brooklyn Bridge,3.0,B032
R00972,Member,2023-06-08 00:38,2023-06-08 00:58,Brooklyn Bridge,Times Square,20.0,B092
R00973,Casual,2023-06-08 05:13,2023-06-08 06:34,Union Square,Central Park,81.0,B078
R00974,Member,2023-06-08 13:23,2023-06-08 13:42,Wall Street,Times Square,19.0,B058
R00975,Member,2023-06-08 18:08,2023-06-08 18:19,Central Park,Brooklyn Bridge,11.0,B002
R00976,Casual,2023-06-08 20:55,2023-06-08 21:48,Brooklyn Bridge,Union Square,53.0,B049
R00977,Member,2023-06-09 10:09,2023-06-09 10:14,Brooklyn Bridge,Brooklyn Bridge,5.0,B057
R00978,Member,2023-06-09 12:50,2023-06-09 12:53,Brooklyn Bridge,Wall Street,3.0,B021
R00979,Casual,2023-06-09 17:59,2023-06-09 18:00,Central Park,Central Park,1.0,B077
R00980,Casual,2023-06-09 20:20,2023-06-09 20:56,Union Square,Brooklyn Bridge,36.0,B064
R00981,Member,2023-06-09 22:32,2023-06-09 22:39,Union Square,Central Park,7.0,B095
R00982,Casual,2023-06-10 07:23,2023-06-10 07:38,Wall Street,Union Square,15.0,B076
R00983,Member,2023-06-10 11:58,2023-06-10 12:02,Times Square,Wall Street,4.0,B082
R00984,Casual,2023-06-10 12:19,2023-06-10 12:23,Wall Street,Wall Street,4.0,B026
R00985,Casual,2023-06-10 12:25,2023-06-10 13:27,Union Square,Brooklyn Bridge,62.0,B008
R00986,Casual,2023-06-10 17:35,2023-06-10 17:52,Times Square,Central Park,17.0,B099
R00986,Casual,2023-06-10 17:35,2023-06-10 17:52,Times Square,Central Park,17.0,B099
R00987,Casual,2023-06-10 20:15,2023-06-10 20:29,Wall Street,Union Square,14.0,B014
R00988,Casual,2023-06-10 22:58,2023-06-10 23:22,Wall Street,Wall Street,24.0,B094
R00989,Casual,2023-06-10 23:54,2023-06-10 23:55,Brooklyn Bridge,Brooklyn Bridge,1.0,B013
R00990,Member,2023-06-11 03:16,2023-06-11 03:35,Union Square,Wall Street,19.0,B001
R00991,Casual,2023-06-11 04:05,2023-06-11 04:16,Brooklyn Bridge,Central Park,11.0,B033
R00992,Casual,2023-06-11 04:34,2023-06-11 04:38,Brooklyn Bridge,Central Park,4.0,B050
R00993,Casual,2023-06-11 06:35,2023-06-11 06:36,Times Square,Central Park,1.0,B073
R00994,Member,2023-06-11 11:21,2023-06-11 11:24,Wall Street,Brooklyn Bridge,3.0,B036
R00995,Casual,2023-06-11 11:45,2023-06-11 11:46,Wall Street,Union Square,1.0,B012
R00996,Member,2023-06-11 14:04,2023-06-11 14:11,Times Square,Union Square,7.0,B018
R00997,Member,2023-06-11 15:43,2023-06-11 16:14,Union Square,Union Square,31.0,B089
R00998,Member,2023-06-11 20:56,2023-06-11 21:18,Times Square,Times Square,22.0,B058
R00999,Casual,2023-06-11 22:40,2023-06-11 22:54,Central Park,Union Square,14.0,B017
R01000,Member,2023-06-12 16:24,2023-06-12 16:49,Union Square,Wall Street,25.0,B080
R00006,Casual,2023-06-12 16:34,2023-06-12 16:42,Wall Street,Times Square,8.0,B032
R01001,Member,2023-06-12 19:33,2023-06-12 19:41,Union Square,Union Square,8.0,B075
R01002,Member,2023-06-12 19:58,2023-06-12 19:59,Central Park,Wall Street,1.0,B015
R01003,Member,2023-06-12 20:30,2023-06-12 20:36,Brooklyn Bridge,Union Square,6.0,B059
R01004,Member,2023-06-12 21:26,2023-06-12 21:34,Wall Street,Wall Street,8.0,B065
R01005,Casual,2023-06-12 21:42,2023-06-12 21:59,Wall Street,Brooklyn Bridge,17.0,B012
R01006,,2023-06-13 00:46,2023-06-13 00:52,Central Park,Wall Street,6.0,B042
R01007,Member,2023-06-13 01:21,2023-06-13 01:23,Union Square,Brooklyn Bridge,2.0,B054
R01008,Casual,2023-06-13 02:01,2023-06-13 02:03,Central Park,Union Square,2.0,B046
R01009,Member,2023-06-13 04:02,2023-06-13 04:22,Brooklyn Bridge,Union Square,20.0,B043
R01010,Casual,2023-06-13 05:39,2023-06-13 05:57,Times Square,Central Park,18.0,B099
R01011,,2023-06-13 09:36,2023-06-13 10:03,Times Square,Central Park,27.0,B099
R01012,Member,2023-06-13 17:01,2023-06-13 17:07,Wall Street,Union Square,6.0,B089
R01013,Casual,2023-06-13 21:41,2023-06-13 22:09,Wall Street,Central Park,28.0,B078
R01014,Member,2023-06-14 00:02,2023-06-14 00:03,Times Square,Brooklyn Bridge,1.0,B036
R01015,Member,2023-06-14 02:51,2023-06-14 03:16,Brooklyn Bridge,Times Square,25.0,B021
R01016,Member,2023-06-14 05:23,2023-06-14 05:59,Central Park,Wall Street,36.0,B014
R01017,Casual,2023-06-14 09:09,2023-06-14 09:18,Brooklyn Bridge,Central Park,9.0,B001
R01018,Casual,2023-06-14 23:00,2023-06-14 23:08,Wall Street,Times Square,8.0,B029
R01019,Casual,2023-06-15 02:19,2023-06-15 02:48,Central Park,Central Park,29.0,B070
R01020,Casual,2023-06-15 06:04,2023-06-15 06:46,Union Square,Central Park,42.0,B031
R01021,Casual,2023-06-15 08:33,2023-06-15 09:12,Times Square,Wall Street,39.0,B086
R01022,Member,2023-06-15 09:59,2023-06-15 10:56,Central Park,Brooklyn Bridge,57.0,B042
R01023,Member,2023-06-15 21:52,2023-06-15 22:32,Times Square,Union Square,40.0,B079
R01024,Casual,2023-06-15 22:24,2023-06-15 23:20,Central Park,Union Square,56.0,B041
R01025,Member,2023-06-15 23:27,2023-06-15 23:30,Times Square,Wall Street,3.0,B003
R01026,Member,2023-06-16 09:25,2023-06-16 09:33,Times Square,Brooklyn Bridge,8.0,B013
R01027,Member,2023-06-17 03:49,2023-06-17 04:09,Brooklyn Bridge,Wall Street,20.0,B018
R01028,,2023-06-17 10:20,2023-06-17 10:35,Brooklyn Bridge,Union Square,15.0,B017
R01029,Member,2023-06-17 16:01,2023-06-17 16:02,Times Square,Wall Street,1.0,B097
R01030,Casual,2023-06-18 01:24,2023-06-18 01:31,Central Park,Times Square,7.0,B038
R01031,Member,2023-06-18 02:32,2023-06-18 02:47,Brooklyn Bridge,Brooklyn Bridge,15.0,B019
R01032,Casual,2023-06-18 12:42,2023-06-18 12:47,Brooklyn Bridge,Union Square,5.0,B100
R01033,Member,2023-06-19 01:29,2023-06-19 01:30,Brooklyn Bridge,Brooklyn Bridge,1.0,B018
R01034,Casual,2023-06-19 02:45,2023-06-19 02:50,Brooklyn Bridge,Brooklyn Bridge,5.0,B064
R01035,Casual,2023-06-19 17:19,2023-06-19 17:23,Central Park,Brooklyn Bridge,4.0,B023
R01036,,2023-06-19 18:11,2023-06-19 18:29,Central Park,Times Square,18.0,B028
R01037,Member,2023-06-19 20:14,2023-06-19 20:48,Times Square,Brooklyn Bridge,34.0,B080
R01038,Casual,2023-06-19 21:38,2023-06-19 21:39,Wall Street,Central Park,1.0,B059
R01039,Casual,2023-06-20 04:11,2023-06-20 04:20,Central Park,Union Square,9.0,B043
R01040,,2023-06-20 09:29,2023-06-20 09:42,Central Park,Union Square,13.0,B008
R01041,,2023-06-20 17:12,2023-06-20 17:13,Wall Street,Union Square,1.0,B059
R01042,Casual,2023-06-20 18:35,2023-06-20 18:51,Brooklyn Bridge,Central Park,16.0,B062
R01043,Member,2023-06-21 01:12,2023-06-21 01:35,Wall Street,Central Park,23.0,B063
R01044,Member,2023-06-21 12:33,2023-06-21 12:40,Times Square,Brooklyn Bridge,7.0,B077
R01045,Casual,2023-06-22 12:06,2023-06-22 12:44,Union Square,Wall Street,38.0,B025
R01046,Casual,2023-06-22 14:02,2023-06-22 14:03,Central Park,Union Square,1.0,B051
R01047,Casual,2023-06-22 21:31,2023-06-22 22:05,Brooklyn Bridge,Union Square,34.0,B053
R01048,Member,2023-06-23 01:28,2023-06-23 02:25,Times Square,Brooklyn Bridge,57.0,B039
R01049,Member,2023-06-23 02:09,2023-06-23 02:23,Times Square,Times Square,14.0,B081
R01050,,2023-06-23 03:24,2023-06-23 03:48,Wall Street,Times Square,24.0,B055
R01051,Member,2023-06-23 11:59,2023-06-23 12:09,Wall Street,Central Park,10.0,B036
R01052,Casual,2023-06-23 16:17,2023-06-23 16:52,Times Square,Union Square,35.0,B097
R01053,Member,2023-06-23 17:58,2023-06-23 18:01,Brooklyn Bridge,Union Square,3.0,B044
R01054,Casual,2023-06-23 19:37,2023-06-23 19:58,Wall Street,Central Park,21.0,B099
R01055,Casual,2023-06-23 22:29,2023-06-23 22:34,Central Park,Wall Street,5.0,B082
R01056,Member,2023-06-24 00:36,2023-06-24 00:37,Times Square,Times Square,1.0,B018
R01057,Member,2023-06-24 13:02,2023-06-24 13:30,Union Square,Times Square,28.0,B009
R01058,Casual,2023-06-24 14:44,2023-06-24 15:22,Union Square,Union Square,38.0,B031
R01059,Member,2023-06-24 16:16,2023-06-24 16:32,Brooklyn Bridge,Central Park,16.0,B038
R01060,Member,2023-06-24 18:43,2023-06-24 18:57,Central Park,Times Square,14.0,B051
R01061,Member,2023-06-24 21:02,2023-06-24 21:21,Wall Street,Brooklyn Bridge,19.0,B088
R01062,Casual,2023-06-25 00:48,2023-06-25 01:04,Central Park,Union Square,16.0,B038
R01063,Member,2023-06-25 06:20,2023-06-25 06:21,Wall Street,Central Park,1.0,B037
R01064,Member,2023-06-25 11:17,2023-06-25 11:21,Times Square,Union Square,4.0,B028
R01065,Member,2023-06-25 11:58,2023-06-25 12:07,Brooklyn Bridge,Times Square,9.0,B054
R01066,Casual,2023-06-25 19:26,2023-06-25 19:32,Central Park,Brooklyn Bridge,6.0,B057
R01067,Member,2023-06-25 19:38,2023-06-25 19:57,Central Park,Times Square,19.0,B036
R01068,Casual,2023-06-25 20:38,2023-06-25 20:46,Brooklyn Bridge,Union Square,8.0,B010
R01069,Member,2023-06-25 20:53,2023-06-25 21:14,Times Square,Times Square,21.0,B020
R01070,Casual,2023-06-25 21:16,2023-06-25 21:52,Times Square,Times Square,36.0,B035
R01071,Casual,2023-06-25 21:36,2023-06-25 21:41,Brooklyn Bridge,Times Square,5.0,B013
R01072,Casual,2023-06-25 21:53,2023-06-25 22:00,Union Square,Times Square,7.0,B064
R01073,Casual,2023-06-26 02:44,2023-06-26 02:52,Union Square,Wall Street,8.0,B018
R01074,Member,2023-06-26 02:50,2023-06-26 02:58,Central Park,Brooklyn Bridge,8.0,B066
R01075,Member,2023-06-26 03:57,2023-06-26 04:02,Central Park,Central Park,5.0,B071
R01076,,2023-06-26 08:34,2023-06-26 08:52,Central Park,Brooklyn Bridge,18.0,B035
R01077,Casual,2023-06-26 12:32,2023-06-26 12:44,Times Square,Central Park,12.0,B021
R01078,Casual,2023-06-26 15:56,2023-06-26 16:27,Times Square,Wall Street,31.0,B080
R01079,Casual,2023-06-26 16:11,2023-06-26 16:12,Times Square,Union Square,1.0,B098
R01080,,2023-06-26 16:41,2023-06-26 17:36,Times Square,Times Square,55.0,B098
R01081,Member,2023-06-26 18:31,2023-06-26 18:48,Union Square,Brooklyn Bridge,17.0,B098
R01082,Member,2023-06-27 00:26,2023-06-27 00:34,Union Square,Times Square,8.0,B020
R01083,Casual,2023-06-27 04:51,2023-06-27 05:01,Brooklyn Bridge,Times Square,10.0,B007
R01084,Member,2023-06-27 08:34,2023-06-27 08:36,Times Square,Wall Street,2.0,B050
R01085,Casual,2023-06-27 09:28,2023-06-27 09:38,Central Park,Central Park,10.0,B083
R01086,Casual,2023-06-27 10:14,2023-06-27 10:30,Central Park,Central Park,16.0,B059
R01087,Casual,2023-06-27 13:52,2023-06-27 14:18,Central Park,Union Square,26.0,B076
R01088,Member,2023-06-27 14:27,2023-06-27 14:32,Wall Street,Wall Street,5.0,B069
R01089,Casual,2023-06-27 15:24,2023-06-27 15:40,Central Park,Brooklyn Bridge,16.0,B011
R01090,Casual,2023-06-27 19:46,2023-06-27 20:19,Times Square,Wall Street,33.0,B080
R01090,Casual,2023-06-27 19:46,2023-06-27 20:19,Times Square,Wall Street,33.0,B080
R01091,Member,2023-06-28 02:17,2023-06-28 02:22,Wall Street,Wall Street,5.0,B039
R01092,Casual,2023-06-28 06:37,2023-06-28 06:56,Union Square,Union Square,19.0,B098
R01093,Casual,2023-06-28 07:17,2023-06-28 07:24,Wall Street,Times Square,7.0,B042
R01094,,2023-06-28 17:51,2023-06-28 18:13,Wall Street,Central Park,22.0,B012
R01095,Member,2023-06-28 21:23,2023-06-28 21:40,Wall Street,Brooklyn Bridge,17.0,B088
R01096,Member,2023-06-28 21:46,2023-06-28 21:50,Wall Street,Times Square,4.0,B036
R01097,Member,2023-06-29 09:05,2023-06-29 09:12,Times Square,Wall Street,7.0,B097
R01098,Member,2023-06-29 14:32,2023-06-29 14:36,Brooklyn Bridge,Times Square,4.0,B048
R01099,Casual,2023-06-29 14:35,2023-06-29 14:37,Times Square,Times Square,2.0,B038
R01100,Casual,2023-06-29 17:30,2023-06-29 17:43,Wall Street,Brooklyn Bridge,13.0,B022
